1.50138,-0.126982,-0.0523385,0,0.0308426,0.234027,0,0.0669803

1.50151,-0.125904,-0.0510802,0.116302,0.0626832,0.414699,0.0492977,0.0268209

1.50172,-0.119779,-0.0531797,0.245387,0.0924595,0.590208,0.131891,-0.112482

1.50182,-0.110774,-0.0535371,0.441477,0.116563,0.671798,0.224251,-0.366258

1.50275,-0.0948807,-0.056521,0.517403,0.134319,0.673429,0.226728,-0.50688

1.50389,-0.079585,-0.0628299,1.76384,0.145546,-0.082965,-0.453045,-0.383546

1.50639,-0.055593,-0.0730597,0.809026,0.156184,0.504751,0.0775532,-0.771929

1.5097,-0.0284693,-0.0835847,1.01079,0.162815,0.314316,-0.150589,-0.840266

1.5127,-0.00638019,-0.0887098,0.971365,0.168633,0.367483,-0.123107,-0.839356

1.51696,0.0253948,-0.0935156,1.03381,0.173529,0.319169,-0.213223,-0.833064

1.52103,0.0596601,-0.0971279,1.27208,0.179739,0.0779482,-0.463072,-0.693023

1.52348,0.086741,-0.0948515,1.31636,0.187735,0.0458672,-0.504779,-0.651254

1.52618,0.124337,-0.0846019,1.37052,0.195847,0.0146814,-0.546701,-0.598955

1.52776,0.163863,-0.0704667,1.43019,0.205435,-0.0167087,-0.581801,-0.541985

1.52904,0.194666,-0.0654664,1.48738,0.216552,-0.0448796,-0.605966,-0.491815

1.52947,0.236529,-0.0438566,1.3224,0.230532,0.0709039,-0.602593,-0.620602

1.52853,0.268251,-0.0193217,1.53559,0.241754,-0.0632457,-0.633501,-0.445121

1.52512,0.311275,0.0145456,1.54912,0.255519,-0.0683481,-0.647718,-0.425449

1.52002,0.354584,0.0494782,1.0928,0.271402,0.651659,-0.166445,-0.529671

1.51488,0.387231,0.0790385,1.37197,0.287869,0.0859642,-0.666448,-0.549716

1.5066,0.430843,0.119431,1.4018,0.304322,0.0739148,-0.69228,-0.506401

1.49682,0.47528,0.148057,1.42664,0.32074,0.0575659,-0.732082,-0.452903

1.48865,0.508644,0.174185,1.93014,0.342136,-0.143838,-0.628277,-0.236413

1.47622,0.553276,0.215946,1.72427,0.365109,-0.131571,-0.670203,-0.282441

1.46549,0.586069,0.247938,1.64165,0.383765,-0.112678,-0.692672,-0.306055

1.44899,0.630071,0.285254,1.4781,0.409819,0.0196329,-0.75119,-0.379577

1.43096,0.674732,0.312137,1.43099,0.42951,0.151974,-0.80894,-0.334791

1.41784,0.707383,0.341922,1.49413,0.450259,0.0114992,-0.789292,-0.310201

1.39714,0.751121,0.388116,1.80443,0.47645,-0.160655,-0.669687,-0.219024

1.37456,0.792451,0.436359,1.70516,0.498766,-0.156149,-0.704108,-0.20706

1.35604,0.823064,0.473341,1.68933,0.523139,-0.152233,-0.698954,-0.214341

1.33619,0.852597,0.512649,1.53296,0.5484,-0.00131599,-0.766234,-0.236244

1.30055,0.901174,0.573892,1.55954,0.573731,-0.0253365,-0.776242,0.00421855

1.278,0.930167,0.603136,1.79511,0.605371,-0.184499,-0.639612,-0.196969

1.24635,0.965963,0.652672,1.51056,0.633202,0.363275,-0.58211,0.108133

1.21308,1.00128,0.699745,1.80355,0.661361,-0.209039,-0.619031,-0.17573

1.18677,1.02771,0.727298,1.58718,0.687694,0,-0.227027,0

1.15083,1.06066,0.771288,1.82242,0.717694,-0.213312,-0.596186,-0.18873

1.12282,1.08458,0.803793,1.76064,0.745268,-0.209423,-0.586784,-0.218071

1.08454,1.11548,0.840075,1.54545,0.771521,0,-0.227027,0

1.04482,1.14549,0.876748,3.18382,0.80242,-0.119198,-0.505045,-0.103559

1.00416,1.17433,0.914777,1.79965,0.831384,-0.247126,-0.568651,-0.191921

0.973031,1.19513,0.933879,6.0166,0.859465,-0.0535243,-0.427003,-0.0456516

0.930997,1.22291,0.957606,1.55723,0.88679,0,-0.227027,0

0.898992,1.24365,0.977463,1.25904,0.915458,0.134882,0.208517,0.0896843

0.855723,1.26952,1.00178,1.59293,0.943923,0,-0.227027,0

0.811761,1.29456,1.01874,1.79639,0.971854,-0.217832,-0.587694,-0.215337

0.779265,1.31358,1.01769,1.50786,0.997514,0,-0.227027,0

0.734166,1.33992,1.04018,1.59619,1.02543,0,-0.227027,0

0.689065,1.36449,1.06257,1.81019,1.05543,-0.196665,-0.615085,-0.207427

0.654421,1.38192,1.07977,1.58541,1.0813,0,-0.227027,0

0.607586,1.40432,1.1103,1.87292,1.1113,-0.191767,-0.610732,-0.198231

0.559774,1.42441,1.146,1.8852,1.13894,-0.199262,-0.615123,-0.184456

0.523578,1.43829,1.16535,1.89652,1.16666,-0.191094,-0.610332,-0.192994

0.47502,1.45545,1.19887,1.41593,1.19293,0.26606,0.184835,0.180774

0.438428,1.46719,1.21967,1.84841,1.22432,-0.187796,-0.61756,-0.204072

0.388624,1.48257,1.24356,1.6507,1.25046,0,-0.227027,0

0.338366,1.49592,1.28323,1.4493,1.27635,0.321921,0.101997,0.295371

0.300621,1.5038,1.30894,1.59841,1.30771,0,-0.227027,0

0.262133,1.51159,1.33316,1.64208,1.33771,0,-0.227027,0

0.198386,1.52256,1.36327,1.63371,1.36507,-0.162239,-0.726427,-0.148349

0.160058,1.52841,1.37867,1.61737,1.39031,-0.142516,-0.735847,-0.165197

0.108613,1.53633,1.40228,1.62628,1.41545,-0.155249,-0.755195,-0.109111

0.0571201,1.54184,1.44342,1.64037,1.44156,-0.179518,-0.759288,-0.0324155

0.0188393,1.54331,1.47496,1.07678,1.46985,0.121972,0.138718,0.11283

-0.0318922,1.5428,1.52232,2.10608,1.5029,-0.35902,-1,-0.9

-0.0446435,1.5424,1.53394,1.41749,1.5059,-0.569816,-1,-0.9

-0.120114,1.53652,-4.68624,1.55317,1.5284,0.0391341,0.131716,0.4014

-0.170081,1.53094,-4.64714,1.55957,1.56577,0.0340968,0.108686,0.426835

-0.206834,1.52534,-4.61644,1.79049,1.60004,-0.27261,-0.672962,-0.0271203

-0.254945,1.51431,-4.58113,1.77383,1.63293,-0.274904,-0.670521,-0.0282973

-0.30428,1.50519,-4.5745,6.2773,1.66265,-0.0528107,-0.442148,-0.0434709

-0.341416,1.49801,-4.55991,1.57416,1.69221,0,-0.227027,0

-0.390458,1.48672,-4.52564,1.57926,1.72124,0,-0.227027,0

-0.439789,1.47511,-4.49661,1.82247,1.7514,-0.227709,-0.675093,-0.109248

-0.476424,1.46447,-4.47687,1.15322,1.78154,0.128998,0.154395,0.123553

-0.500574,1.4569,-4.46296,1.81226,1.80995,-0.188486,-0.649119,-0.189773

-0.572762,1.43401,-4.42484,4.14466,1.83704,-0.0875872,-0.496573,-0.0725732

-0.607998,1.42078,-4.39647,1.56131,1.86596,0,-0.227027,0

-0.654526,1.40089,-4.36067,2.16406,1.89742,-0.185295,-0.612192,-0.141958

-0.688128,1.38499,-4.32677,1.5371,1.92633,0,-0.227027,0

-0.732775,1.36246,-4.29592,6.16857,1.9536,-0.0532474,-0.443321,-0.044891

-0.754711,1.34982,-4.28293,6.01009,1.98223,-0.0540588,-0.442345,-0.0466227

-0.811501,1.32148,-4.26939,1.58101,2.01197,-0.101407,-0.789303,-0.124608

-0.855925,1.29721,-4.24411,3.14086,2.04241,-0.118964,-0.541251,-0.105268

-0.898968,1.27041,-4.2065,2.50197,2.06982,-0.156659,-0.592837,-0.137836

-0.930104,1.25044,-4.1717,1.71274,2.09718,-0.177939,-0.712613,-0.161833

-0.970276,1.22006,-4.1295,1.79407,2.12257,-0.201092,-0.690104,-0.139446

-1.00944,1.18928,-4.08027,1.3661,2.15047,0.173145,0.167975,0.219026

-1.03722,1.16389,-4.04721,1.5914,2.18147,-0.116917,-0.780508,-0.0156516

-1.0728,1.12886,-3.99838,1.44261,2.21032,0.195695,0.154097,0.271978

-1.09805,1.10137,-3.97252,2.10628,2.24263,-0.185513,-0.598409,-0.157347

-1.13196,1.06526,-3.94895,1.52953,2.26958,0,-0.227027,0

-1.16624,1.02825,-3.94111,2.54252,2.29786,-0.154495,-0.578061,-0.136415

-1.19286,1.00129,-3.94407,1.84371,2.32882,-0.176816,-0.656623,-0.19473

-1.22804,0.965092,-3.92663,1.54711,2.3536,-0.0538095,-0.812347,-0.157434

-1.26144,0.926693,-3.89152,2.59971,2.38103,-0.147095,-0.583884,-0.134168

-1.28541,0.897806,-3.86131,12.4079,2.40689,-0.0236789,-0.394846,-0.0202344

-1.3143,0.855787,-3.80717,1.57081,2.43474,-0.0807906,-0.809722,-0.0549038

-1.32103,0.845558,-3.80081,1.53021,2.46202,-0.0220849,-0.760226,-0.280221

-1.36009,0.780707,-3.73813,1.55273,2.48746,-0.0322459,-0.815032,0.0579308

-1.38288,0.736016,-3.68534,1.54176,2.51965,0.0407008,-0.763503,0.211192

-1.39892,0.702405,-3.65279,1.41629,2.55285,0.350429,0.117524,0.225252

-1.41833,0.656636,-3.60573,1.54554,2.58175,0,-0.227027,0

-1.43599,0.610292,-3.56127,1.5079,2.61027,0,-0.227027,0

-1.45047,0.56202,-3.51072,1.78348,2.64012,-0.235527,-0.634023,-0.137387

-1.46115,0.526337,-3.48513,1.78564,2.66875,-0.222097,-0.621887,-0.171285

-1.47373,0.47739,-3.45303,1.8015,2.69704,-0.23021,-0.621101,-0.159915

-1.48307,0.440739,-3.43655,1.57149,2.72544,0,-0.227027,0

-1.49505,0.391582,-3.4168,1.77089,2.75378,-0.211115,-0.632287,-0.183432

-1.50583,0.341853,-3.38343,1.55389,2.78341,0,-0.227027,0

-1.5131,0.304254,-3.36138,1.56052,2.8116,0,-0.227027,0

-1.52025,0.25344,-3.32796,1.16309,2.8416,0.131856,0.171919,0.105356

-1.52641,0.202624,-3.29444,2.14318,2.87163,-0.186832,-0.579329,-0.15784

-1.52995,0.164114,-3.27442,1.58541,2.90031,0,-0.227027,0

-1.5336,0.112324,-3.24518,1.64657,2.9286,-0.180665,-0.677298,-0.190809

-1.53551,0.0615915,-3.20519,1.54738,2.95476,0,-0.227027,0

-1.53531,0.022801,-3.18096,1.51731,2.98299,0,-0.227027,0

-1.53369,-0.0287535,-3.14669,1.60438,3.01139,0,-0.227027,0

-1.53034,-0.0801948,-3.11725,1.79085,3.04139,-0.227271,-0.635254,-0.159086

-1.52711,-0.11911,-3.09635,2.61926,3.06628,-0.153436,-0.555787,-0.131414

-1.52172,-0.170485,-3.06801,1.86171,3.09497,-0.221843,-0.627914,-0.15585

-1.51652,-0.209053,-3.04075,1.44454,3.12063,0.174402,0.200545,0.196498

-1.50809,-0.259742,-3.01177,1.41163,3.15372,0.173175,0.20378,0.169691

-1.50024,-0.297752,-2.98255,3.16326,3.18738,-0.117958,-0.515921,-0.10472

-1.48706,-0.348865,-2.93667,6.53416,3.21365,-0.0491919,-0.428775,-0.0413824

-1.47655,-0.386506,-2.92016,2.15832,3.2402,-0.190618,-0.594139,-0.174898

-1.46078,-0.448516,-2.90996,1.79126,3.26805,-0.21879,-0.659306,-0.144946

-1.44986,-0.486181,-2.88874,1.43423,3.2966,0,-0.227027,0

-1.4347,-0.535043,-2.85322,1.60357,3.32506,0,-0.227027,0

-1.42151,-0.571405,-2.82678,6.17096,3.35603,-0.0526634,-0.438382,-0.0447345

-1.40285,-0.619805,-2.80424,1.69407,3.38257,-0.19549,-0.699813,-0.142486

-1.38783,-0.656306,-2.8055,2.14376,3.40838,-0.181474,-0.622065,-0.171645

-1.36834,-0.705331,-2.78948,7.88515,3.43537,-0.0398286,-0.424768,-0.0337898

-1.34901,-0.755712,-2.79463,1.89868,3.46394,-0.183268,-0.678529,-0.162612

-1.33544,-0.793955,-2.80142,6.915,3.48873,-0.0467296,-0.445847,-0.0403349

-1.32055,-0.848113,-2.80901,2.75174,3.5163,-0.135511,-0.603016,-0.126503

-1.31182,-0.891894,-2.80524,2.00944,3.54184,-0.169171,-0.720788,-0.186374

-1.29957,-0.970224,-2.79632,1.7485,3.56753,-0.160867,-0.83792,-0.144444

-1.29786,-0.986541,-2.79446,1.17184,3.59813,0.728252,-0.67205,0.151361

-1.28805,-1.08925,-2.78685,1.63526,3.62783,-0.128793,-0.943366,-0.160908

-1.28132,-1.15798,-2.76839,2.1884,3.65342,-0.164703,-0.800545,-0.164248

-1.27485,-1.20951,-2.75837,2.12664,3.67872,-0.16465,-0.832272,-0.172626

-1.26728,-1.27923,-2.7019,2.08978,3.70398,-0.168688,-0.859763,-0.160505

-1.26104,-1.344,-2.64174,1.986,3.72931,-0.170306,-0.898979,-0.145993

-1.25534,-1.39548,-2.60755,2.42637,3.75493,-0.155401,-0.79032,-0.141036

-1.24904,-1.4627,-2.52861,2.11472,3.78072,-0.165091,-0.85104,-0.130223

-1.24434,-1.51466,-2.45833,2.52707,3.80706,-0.146964,-0.744025,-0.123228

-1.23571,-1.58444,-2.36374,2.5284,3.83906,-0.141775,-0.712405,-0.113602

-1.23041,-1.6368,-2.25769,2.15062,3.86648,-0.141155,-0.70297,-0.0903024

-1.22288,-1.69893,-2.09242,1.82391,3.89436,-0.0844884,-0.493649,0.0350531

-1.21559,-1.74379,-1.94677,2.19465,3.92517,-0.0905727,-0.385666,-0.028079

-1.20909,-1.77304,-1.84228,0.774977,3.9527,-0.0651925,-0.049439,-0.0905666

-1.18509,-1.85007,-1.50934,6.24706,3.98066,-0.0412576,-0.332963,-0.0335583

-1.16503,-1.88872,-1.32029,1.46294,4.00218,-0.0787166,-0.268441,-0.284442

-1.14341,-1.91932,-1.1479,1.14198,4.0257,-0.0755605,-0.180764,-0.186346

-1.1266,-1.93751,-1.04188,0.53057,4.05013,-0.098874,-0.0948137,-0.175535

-1.10614,-1.95347,-0.918707,0.742858,4.07673,-0.0882839,-0.129519,-0.165039

-1.09179,-1.96046,-0.845692,0.505518,4.10183,-0.100594,-0.0961459,-0.16442

-1.0747,-1.96248,-0.779996,0.606077,4.12707,-0.0925736,-0.10959,-0.145571

-1.06116,-1.95593,-0.746132,0.773663,4.15241,-0.0766663,-0.120456,-0.112898

-1.05198,-1.94712,-0.741229,0.521379,4.17905,-0.0840969,-0.0818805,-0.0994965

-1.04106,-1.93034,-0.73914,0.706059,4.20659,-0.0522207,-0.0702135,-0.0500029

-1.03201,-1.91602,-0.736463,0.736358,4.23546,-0.0166451,-0.022911,-0.0112012

-1.0175,-1.89593,-0.738025,0.601191,4.26557,0.0421927,0.0448732,0.0180804

-1.00036,-1.87473,-0.739923,1.02429,4.29561,0.0935732,0.185413,-0.0201812

-0.980464,-1.85211,-0.74733,0.871382,4.32464,0.191929,0.299746,-0.0718787

-0.964605,-1.83378,-0.751614,1.03339,4.3504,0.21332,0.405287,-0.212158

-0.940593,-1.80904,-0.759082,1.26248,4.37274,0.173327,0.442928,-0.379676

-0.916908,-1.78155,-0.761221,1.28644,4.39138,0.180231,0.478986,-0.480632

-0.89742,-1.76133,-0.777897,1.17646,4.40668,0.230833,0.516344,-0.532101

-0.869352,-1.73465,-0.81433,1.43213,4.41951,0.128064,0.417354,-0.663878

-0.845397,-1.71679,-0.836489,1.22995,4.43019,0.213657,0.495313,-0.651642

-0.813026,-1.69132,-0.86911,1.30147,4.43963,0.182138,0.463546,-0.697201

-0.777738,-1.66815,-0.905311,1.32449,4.44808,0.170631,0.443952,-0.718258

-0.751752,-1.64942,-0.933626,1.54364,4.45628,0.0686119,0.290326,-0.775963

-0.714635,-1.6263,-0.968295,1.59017,4.46354,0.0448658,0.242291,-0.781969

-0.676108,-1.60329,-0.996857,2.2613,4.47024,-0.123663,-0.261691,-0.504941

-0.646287,-1.58693,-1.02001,1.25093,4.47966,0.204083,0.461614,-0.724103

-0.604893,-1.56615,-1.05835,1.4438,4.48701,0.106426,0.334426,-0.768186

-0.573093,-1.55031,-1.07495,2.40737,4.49479,-0.125319,-0.321057,-0.392401

-0.530448,-1.52873,-1.09452,1.72518,4.50916,-0.030911,0.0720548,-0.765932

-0.486645,-1.50916,-1.12308,1.51119,4.51778,0.0684943,0.279663,-0.768383

-0.441367,-1.49158,-1.15258,2.04236,4.52488,-0.124885,-0.221495,-0.567331

-0.408064,-1.47723,-1.16629,1.76859,4.53425,-0.0618467,0.0061159,-0.724061

-0.361929,-1.46028,-1.18934,1.77474,4.54278,-0.0700103,-0.00339973,-0.710379

-0.32734,-1.44722,-1.18896,1.76968,4.55371,-0.0709208,0.0205835,-0.715183

-0.279964,-1.43048,-1.20752,1.80411,4.56248,-0.0925572,-0.0157324,-0.691669

-0.233061,-1.41272,-1.21936,1.56399,4.57273,0.0406442,0.322974,-0.669795

-0.19808,-1.39885,-1.21651,1.53611,4.58266,0.0622586,0.394061,-0.620335

-0.150492,-1.3817,-1.22834,1.58233,4.59447,0.0318099,0.372659,-0.613851

-0.101627,-1.36597,-1.24347,1.61554,4.60549,0.00636628,0.349543,-0.551223

-0.0653743,-1.35444,-1.26719,1.55507,4.61886,0.0424739,0.372937,-0.493971

-0.0161174,-1.34144,-1.30068,1.66254,4.6335,-0.052066,0.164809,-0.555717

0.0340998,-1.33002,-1.32991,1.84956,4.6475,-0.158898,-0.192579,-0.459861

0.0716687,-1.3218,-1.34211,1.16371,4.66382,0.20721,0.40637,-0.126315

0.121923,-1.31192,-1.35914,1.59801,4.68835,-0.0313038,0.0751868,-0.462514

0.15985,-1.30452,-1.36504,1.43252,4.70897,0.0948335,0.258741,-0.316894

0.210188,-1.29495,-1.38405,1.61351,4.7282,-0.060864,-0.0891297,-0.411175

0.24829,-1.289,-1.40786,0.753519,4.74711,0.211017,0.204116,0.0323949

0.299335,-1.28259,-1.43446,1.61617,4.77328,-0.0759065,-0.280972,-0.349105

0.350758,-1.27628,-1.44015,1.85015,4.79326,-0.131138,-0.416223,-0.242265

0.402183,-1.26842,-1.42355,1.44145,4.81542,0.058986,-0.104895,-0.293461

0.440361,-1.26165,-1.40812,1.84166,4.83726,-0.139252,-0.449438,-0.226387

0.49076,-1.25059,-1.3862,1.84416,4.85956,-0.147674,-0.470288,-0.211379

0.540661,-1.23898,-1.36988,1.83349,4.88211,-0.154049,-0.49355,-0.197204

0.577903,-1.22943,-1.35489,1.59839,4.90546,-0.101006,-0.460575,-0.231

0.627005,-1.21538,-1.32829,1.60347,4.93057,-0.111441,-0.495075,-0.197812

0.675549,-1.19952,-1.2996,1.40455,4.95484,-0.0125385,0.00331431,-0.00403033

0.711419,-1.18665,-1.27736,1.41691,4.98163,0.113548,-0.115996,0.0107599

0.758704,-1.16788,-1.24527,1.81606,5.00905,-0.17562,-0.580121,-0.150896

0.79392,-1.15321,-1.23045,1.58633,5.03681,-0.112347,-0.598046,-0.141748

0.840486,-1.13278,-1.20301,1.57709,5.06297,-0.11066,-0.631546,-0.0922114

0.885833,-1.11092,-1.165,1.55581,5.08937,-0.0942129,-0.652661,0.00268552

0.919305,-1.09295,-1.13543,1.57802,5.11765,-0.11598,-0.673491,-0.0502881

0.962312,-1.06754,-1.09447,1.56291,5.1468,-0.103524,-0.690674,0.0247281

1.00416,-1.03998,-1.05123,3.10452,5.17581,-0.124676,-0.550286,-0.0982583

1.03427,-1.01807,-1.01885,3.10192,5.20904,-0.122554,-0.54629,-0.100463

1.07355,-0.987432,-0.977782,1.56129,5.23708,-0.100846,-0.725072,0.0922304

1.11142,-0.95556,-0.941285,1.54623,5.27067,-0.0770399,-0.738279,0.112683

1.13997,-0.931419,-0.923478,1.78727,5.30207,-0.183962,-0.682386,-0.137207

1.17689,-0.898305,-0.891546,1.77676,5.33078,-0.18612,-0.698658,-0.125531

1.21334,-0.864626,-0.866636,1.55738,5.35898,-0.095413,-0.797688,0.0153782

1.23932,-0.838115,-0.836989,1.55237,5.38798,-0.0886706,-0.805006,-0.032264

1.27238,-0.801993,-0.791659,2.39745,5.41699,-0.164752,-0.623461,-0.135631

1.29543,-0.772893,-0.756309,1.75243,5.44598,-0.182138,-0.723278,-0.131111

1.32398,-0.73343,-0.708029,2.43802,5.47839,-0.161393,-0.613474,-0.13622

1.35082,-0.692725,-0.659312,1.71957,5.50585,-0.192212,-0.744287,-0.0864981

1.3693,-0.661279,-0.621947,1.53303,5.5358,-0.0348599,-0.827518,0.0876932

1.39228,-0.618883,-0.578656,1.49547,5.5687,0.0965405,-0.796134,0.226097

1.40844,-0.586604,-0.543638,1.5078,5.60201,0.0306861,-0.837092,-0.0341058

1.42792,-0.541747,-0.492367,1.54331,5.63103,0,-0.227027,0

1.44518,-0.496783,-0.444718,1.50804,5.66355,0,-0.227027,0

1.46039,-0.450533,-0.401884,1.51576,5.69317,0,-0.227027,0

1.47137,-0.415241,-0.386219,2.05489,5.72304,-0.188063,-0.634967,-0.18135

1.48716,-0.368121,-0.376309,1.57424,5.74942,0,-0.227027,0

1.50268,-0.320927,-0.361426,1.78466,5.77754,-0.182579,-0.696182,-0.166205

1.51508,-0.28559,-0.357405,1.80695,5.80723,-0.169894,-0.687194,-0.191735

1.53047,-0.237873,-0.337564,1.557,5.83155,-0.0821542,-0.821534,-0.152449

1.5404,-0.201544,-0.31533,1.58129,5.85655,-0.102926,-0.803677,-0.176217

1.55185,-0.153317,-0.27476,1.5452,5.88284,-0.0664163,-0.846979,-0.111634

1.56003,-0.104093,-0.231796,1.77277,5.90865,-0.180937,-0.7338,-0.144818

1.56421,-0.0675349,-0.198988,1.3395,5.93522,0.451866,-0.0710178,0.368455

1.56721,-0.0182291,-0.147477,1.73534,5.96732,-0.17742,-0.733941,-0.147453

1.56806,0.0187568,-0.112716,2.48028,6.0013,-0.151598,-0.594714,-0.145169

1.56706,0.0680808,-0.0657298,1.73049,6.0319,-0.169554,-0.70714,-0.184859

1.56417,0.117099,-0.0229709,1.55365,6.06089,-0.0551112,-0.814172,-0.114949

1.56052,0.166832,0.00763943,1.5643,6.08666,-0.0722848,-0.819263,-0.060086

1.55623,0.203943,0.0388227,2.05853,6.11423,-0.184904,-0.644888,-0.180356

1.54862,0.252614,0.0875167,1.52866,6.14337,0.0404151,-0.825538,0.036302

1.54055,0.288789,0.124779,1.56581,6.17412,-0.0650278,-0.773243,-0.158722

1.52795,0.336512,0.165896,1.36171,6.20172,0.232088,0.17841,0.178225

1.51494,0.384543,0.197075,2.03749,6.23266,-0.192102,-0.630046,-0.186254

1.50407,0.420069,0.226978,1.58059,6.25766,-0.0899792,-0.753902,-0.151025

1.48843,0.467227,0.251753,2.49102,6.28615,-0.156456,-0.573652,-0.142917

1.47349,0.515075,0.261719,1.57123,6.31119,-0.0799434,-0.792767,-0.0897656

1.46116,0.551459,0.285396,1.56687,6.33697,-0.072172,-0.788922,-0.123928

1.44402,0.59808,0.315891,1.53566,6.36211,0.0181953,-0.822599,0.0503559

1.42419,0.643764,0.35659,1.40017,6.39108,0.251856,0.139429,0.265431

1.4074,0.677067,0.390311,1.80265,6.42323,-0.191615,-0.655746,-0.180373

1.38277,0.720687,0.441694,1.76748,6.45172,-0.204631,-0.660542,-0.161339

1.35623,0.762144,0.488827,1.75368,6.4801,-0.220981,-0.658744,-0.138359

1.33514,0.791916,0.518738,1.07041,6.50862,0.140733,0.175248,0.107648

1.30686,0.833626,0.540938,1.54538,6.5384,0,-0.227027,0

1.28504,0.864971,0.568617,1.56114,6.56625,0,-0.227027,0

1.2541,0.904507,0.608374,1.3664,6.59528,0.160976,0.205383,0.131489

1.22258,0.944664,0.628483,1.89655,6.62622,-0.21179,-0.641037,-0.213518

1.19852,0.973874,0.640127,1.65008,6.65409,0,-0.227027,0

1.16643,1.01324,0.647961,1.53755,6.68213,0,-0.227027,0

1.13411,1.05365,0.659813,1.88489,6.71024,-0.190454,-0.66252,-0.217252

1.10953,1.08283,0.678447,1.57569,6.7379,-0.0876729,-0.741196,-0.241448

1.0751,1.12146,0.705681,1.63486,6.76147,-0.14251,-0.736365,-0.184836

1.03988,1.15804,0.724537,1.46928,6.7856,0.253845,-0.807159,0.148409

1.01279,1.18745,0.739516,1.90526,6.81339,-0.186108,-0.683725,-0.202124

0.975196,1.2228,0.779908,1.6319,6.83867,-0.14532,-0.775302,-0.120125

0.935635,1.25529,0.826762,1.62412,6.87034,-0.143508,-0.77866,-0.0969349

0.905205,1.2781,0.863241,1.82043,6.89804,-0.199547,-0.70964,-0.199958

0.863212,1.3067,0.910941,1.77799,6.92802,-0.208229,-0.727926,-0.193698

0.81988,1.33306,0.955944,2.48872,6.95616,-0.16295,-0.588628,-0.135463

0.786895,1.35202,0.991764,1.5935,6.986,-0.116863,-0.771683,-0.037288

0.741924,1.37558,1.0223,1.82775,7.01323,-0.221851,-0.701077,-0.183548

0.70818,1.39352,1.04043,1.57978,7.03922,-0.0929998,-0.787613,-0.0178556

0.662131,1.41549,1.08221,1.58111,7.06648,-0.09317,-0.766981,0.132031

0.615425,1.43442,1.1276,1.56541,7.09646,0,-0.227027,0

0.579886,1.44662,1.16496,1.55007,7.12563,0,-0.227027,0

0.531675,1.4609,1.21544,2.12515,7.15211,-0.212236,-0.616274,-0.156063

0.483211,1.47318,1.25039,1.57751,7.17877,0,-0.227027,0

0.446508,1.4823,1.26837,2.49179,7.20877,-0.16874,-0.570801,-0.135662

0.396979,1.49314,1.30102,1.27109,7.23586,0.135186,0.219595,0.142385

0.359655,1.50121,1.31787,1.60374,7.26595,0,-0.227027,0

0.309343,1.51148,1.33525,1.618,7.29409,0,-0.227027,0

0.258997,1.52184,1.33482,1.61769,7.32409,0,-0.227027,0

0.221052,1.52988,1.34052,1.60588,7.34984,-0.134103,-0.762953,-0.117308

0.170037,1.54014,1.35351,1.62814,7.3751,-0.169039,-0.849536,-0.178632

0.11928,1.54868,1.38402,1.59254,7.40057,-0.142853,-0.938283,-0.0666595

0.0811273,1.55288,1.42104,1.83832,7.43024,-0.209806,-0.710795,-0.182723

0.0302906,1.55529,1.47393,1.60801,7.45795,-0.179993,-0.938891,-0.0257996

-0.0199083,1.55344,1.5207,1.57749,7.4869,-0.124867,-1,0.353134

-0.0575273,1.55098,1.55881,1.56281,7.50243,-0.522366,-1,-0.9

-0.107148,1.5456,-4.67549,1.25325,7.53121,0.114397,0.193653,0.157216

-0.155581,1.53722,-4.62024,1.51599,7.56192,0.0907327,0.275064,0.313585

-0.191195,1.52902,-4.57972,1.21643,7.5979,0.11335,0.196327,0.131783

-0.238186,1.51497,-4.54369,1.7625,7.62767,-0.409845,-0.728757,-0.0452347

-0.273721,1.50592,-4.52927,1.75353,7.65722,-0.338662,-0.720412,-0.153775

-0.321685,1.49394,-4.53017,1.78838,7.68585,-0.273783,-0.704517,-0.17562

-0.370095,1.4825,-4.52112,1.78178,7.7141,-0.256554,-0.716834,-0.17323

-0.406676,1.47375,-4.49295,1.04512,7.74236,0.129432,0.161745,0.110236

-0.454246,1.45893,-4.45862,1.57699,7.77379,0,-0.227027,0

-0.489709,1.44672,-4.4352,0.874885,7.8031,0.115915,0.12172,0.0908867

-0.536974,1.43012,-4.41941,2.09874,7.83474,-0.191097,-0.612539,-0.179673

-0.584869,1.41269,-4.42707,1.57417,7.86067,0,-0.227027,0

-0.632244,1.39809,-4.40421,1.49354,7.8856,0,-0.227027,0

-0.668484,1.38461,-4.39174,1.18707,7.91146,0.234993,0.207882,0.155755

-0.714933,1.36494,-4.35078,1.57314,7.94001,-0.109456,-0.918757,-0.169862

-0.760619,1.34325,-4.31894,1.80408,7.9711,-0.202388,-0.72171,-0.192958

-0.794003,1.32552,-4.28835,1.58727,7.99566,-0.127999,-0.896378,-0.17924

-0.837431,1.29942,-4.24892,1.57402,8.02135,-0.114575,-0.973602,-0.0469322

-0.869236,1.2784,-4.21348,1.5819,8.04772,-0.129563,-0.956989,-0.0833067

-0.909291,1.2492,-4.15738,3.2133,8.07688,-0.120968,-0.536152,-0.0986311

-0.947172,1.21821,-4.10322,1.5569,8.10743,0,-0.227027,0

-0.974568,1.19259,-4.06026,1.77223,8.13602,-0.270777,-0.725731,-0.158391

-1.01101,1.15843,-4.02055,1.58235,8.16443,0,-0.227027,0

-1.04795,1.12395,-4.00757,2.08036,8.19469,-0.216689,-0.634381,-0.155582

-1.07481,1.09654,-3.99379,1.20285,8.22006,0.146634,0.201004,0.139526

-1.102,1.0695,-3.98269,1.61242,8.24993,0,-0.227027,0

-1.13868,1.03387,-3.97503,6.46593,8.2772,-0.0503108,-0.43969,-0.0424671

-1.17615,0.999031,-3.97557,1.60844,8.30359,-0.151907,-0.875162,-0.162506

-1.21203,0.962586,-3.95722,1.57922,8.33375,-0.116953,-0.911685,-0.150478

-1.23006,0.943674,-3.93681,1.6737,8.35878,-0.166463,-0.782082,-0.228873

-1.27048,0.895367,-3.87874,1.88652,8.38574,-0.209237,-0.712171,-0.165471

-1.2998,0.853859,-3.83115,1.58076,8.41154,-0.128396,-0.984328,0.158024

-1.32045,0.82171,-3.79878,1.81406,8.4463,-0.212724,-0.725853,-0.17637

-1.34537,0.778466,-3.74605,1.62987,8.47865,-0.190957,-0.876074,-0.124086

-1.36788,0.73365,-3.696,1.56832,8.50655,0,-0.227027,0

-1.38325,0.698799,-3.66444,1.82788,8.53655,-0.231124,-0.69985,-0.179526

-1.40306,0.653086,-3.62135,1.74859,8.56605,-0.253795,-0.744602,-0.1613

-1.42171,0.605682,-3.59041,1.59281,8.59186,0,-0.227027,0

-1.43488,0.569281,-3.55848,1.72157,8.62033,-0.272116,-0.770202,-0.140124

-1.45184,0.521955,-3.53746,1.87942,8.6558,-0.22645,-0.672616,-0.185518

-1.46402,0.486438,-3.51847,1.45489,8.68394,0,-0.227027,0

-1.47862,0.436716,-3.48814,1.60163,8.71202,0,-0.227027,0

-1.49258,0.386229,-3.4672,2.10972,8.73782,-0.200282,-0.633422,-0.160543

-1.50261,0.348805,-3.44782,1.56887,8.76267,0,-0.227027,0

-1.51542,0.298609,-3.42799,2.20124,8.79453,-0.185,-0.622685,-0.157102

-1.52572,0.248252,-3.3891,1.63458,8.82391,-0.199264,-0.869498,-0.125288

-1.53237,0.21025,-3.36786,1.84296,8.85351,-0.209127,-0.695833,-0.193949

-1.54161,0.159168,-3.37152,1.89522,8.87911,-0.200225,-0.697664,-0.181852

-1.55183,0.10839,-3.37363,1.40255,8.9034,0.670702,-0.630015,0.498724

-1.56048,0.0706681,-3.3717,1.59431,8.93446,-0.120377,-0.863844,-0.218428

-1.5701,0.0190601,-3.34361,6.66973,8.95901,-0.049126,-0.45221,-0.0421939

-1.57699,-0.0318039,-3.29369,1.5641,8.98514,-0.0952046,-0.96355,-0.0630076

-1.57896,-0.0703654,-3.25693,2.11342,9.01568,-0.1809,-0.673885,-0.16231

-1.57931,-0.121854,-3.20434,2.07391,9.04148,-0.192531,-0.686226,-0.152258

-1.57609,-0.171616,-3.15057,1.60334,9.07271,-0.143633,-0.935971,-0.0110054

-1.57132,-0.209945,-3.10635,1.86365,9.10839,-0.200202,-0.714734,-0.178685

-1.56316,-0.259388,-3.05647,2.44928,9.13453,-0.166084,-0.606054,-0.134772

-1.55515,-0.296436,-3.01669,3.09647,9.16966,-0.122174,-0.540817,-0.106496

-1.54206,-0.345163,-2.96365,1.83365,9.20542,-0.20383,-0.684142,-0.206967

-1.52701,-0.393204,-2.92042,1.75431,9.2305,-0.224027,-0.728473,-0.18625

-1.51483,-0.429603,-2.8903,1.44461,9.25876,0.65121,0.326907,0.397582

-1.49593,-0.477463,-2.83622,1.86652,9.29012,-0.226984,-0.659048,-0.195025

-1.47511,-0.523586,-2.78941,2.57112,9.31817,-0.161059,-0.560931,-0.131141

-1.45876,-0.557426,-2.76076,1.81727,9.34686,-0.244478,-0.65855,-0.212118

-1.43508,-0.601897,-2.71615,2.08885,9.37088,-0.222773,-0.606199,-0.163375

-1.41633,-0.63503,-2.68844,1.5547,9.39747,0,-0.227027,0

-1.38994,-0.678126,-2.65101,1.53878,9.42587,0,-0.227027,0

-1.36192,-0.719564,-2.60913,1.12915,9.45403,0.108973,0.179802,0.111743

-1.33956,-0.751274,-2.58438,1.84855,9.4838,-0.302034,-0.632236,-0.201547

-1.3085,-0.792867,-2.56143,1.42811,9.5089,0.117628,0.285475,0.156173

-1.27776,-0.83346,-2.53438,2.19137,9.5385,-0.221933,-0.591869,-0.153245

-1.25419,-0.863323,-2.5037,1.7761,9.56547,-0.392921,-0.673202,-0.175777

-1.22143,-0.901182,-2.46885,1.77945,9.59372,-0.439676,-0.672719,-0.140183

-1.18752,-0.937936,-2.44453,2.17347,9.62231,-0.232602,-0.594399,-0.152437

-1.16225,-0.965246,-2.44435,1.56735,9.65255,0,-0.227027,0

-1.12791,-1.0023,-2.45923,1.15618,9.68065,0.141121,0.200139,0.117366

-1.09392,-1.03952,-2.51081,1.51719,9.70835,0,-0.227027,0

-1.06919,-1.06873,-2.57577,1.17293,9.73605,0.512394,0.155717,0.102815

-1.03707,-1.11266,-2.65284,1.4741,9.76374,-0.0406907,-0.856546,-0.329305

-1.00834,-1.16018,-2.742,1.74234,9.78629,-0.139052,-0.79077,-0.25487

-0.989735,-1.19929,-2.80108,2.88365,9.80789,-0.119504,-0.644584,-0.134767

-0.96895,-1.25473,-2.86617,2.00447,9.83006,-0.145942,-0.810079,-0.226801

-0.955467,-1.29822,-2.90644,2.07264,9.8529,-0.144887,-0.828717,-0.227893

-0.941331,-1.35811,-2.96304,1.96909,9.875,-0.146833,-0.902149,-0.255336

-0.930798,-1.42043,-3.01072,2.32013,9.89795,-0.143191,-0.878605,-0.217114

-0.928679,-1.46857,-3.00785,1.62377,9.92038,-0.134566,-1,-0.359359

-0.930494,-1.53543,-2.9636,2.0908,9.94316,-0.15028,-0.976764,-0.264401

-0.936971,-1.60335,-2.87953,2.47768,9.96547,-0.142649,-0.910311,-0.212958

-0.944249,-1.65251,-2.78352,1.65716,9.9883,-0.135523,-1,-0.355584

-0.946669,-1.71858,-2.62436,2.24192,10.0097,-0.147587,-0.923857,-0.227116

-0.946248,-1.77995,-2.43595,1.98777,10.0321,-0.145287,-0.932929,-0.229797

-0.943467,-1.82194,-2.29072,1.5964,10.0554,-0.0912754,-0.993776,-0.238176

-0.932571,-1.87471,-2.1521,1.39663,10.0792,0.0360946,-0.947936,-0.134342

-0.920865,-1.90729,-2.0555,2.21319,10.1081,-0.119423,-0.671008,-0.157767

-0.904955,-1.94281,-1.95059,1.3298,10.1352,0.112762,-0.603408,-0.0817465

-0.881855,-1.97378,-1.86443,1.21851,10.1614,0.15376,-0.268558,0.00148893

-0.864827,-1.9891,-1.79962,0.424363,10.1911,0.0401281,0.010156,0.024081

-0.837626,-2.00274,-1.73204,1.44238,10.2182,0.0280814,-0.331178,-0.13766

-0.808527,-2.01059,-1.69074,1.04284,10.2465,0.0649945,-0.0185714,-0.0170125

-0.784998,-2.01446,-1.68255,0.986551,10.2745,0.248179,-0.0675095,-0.130253

-0.750968,-2.0156,-1.66628,1.07858,10.2999,0.265772,-0.206851,-0.306728

-0.724442,-2.01556,-1.66849,1.15375,10.3193,0.209501,-0.337424,-0.424471

-0.687657,-2.01565,-1.66964,1.14392,10.3418,0.215314,-0.379221,-0.5031

-0.648858,-2.01682,-1.66102,0.986427,10.3576,0.395362,-0.235571,-0.504795

-0.608431,-2.01672,-1.64282,1.49878,10.3753,-0.0107492,-0.491196,-0.376586

-0.576949,-2.01631,-1.62497,1.30467,10.3922,0.0827221,-0.456947,-0.477656

-0.533055,-2.01669,-1.59994,1.33182,10.4081,0.0706587,-0.450746,-0.456366

-0.500418,-2.01542,-1.58023,10.7456,10.424,-0.0238718,-0.363158,-0.0248858

-0.456083,-2.01223,-1.55327,1.38604,10.446,0.0416451,-0.446768,-0.446347

-0.411078,-2.00807,-1.53903,1.2368,10.463,0.15352,-0.388805,-0.52297

-0.376765,-2.00378,-1.51865,1.63384,10.4803,-0.0439255,-0.472944,-0.346118

-0.330798,-1.99727,-1.49326,1.66827,10.4987,-0.0503257,-0.467896,-0.332946

-0.307703,-1.99327,-1.48062,0.534482,10.5167,0.49553,0.131191,-0.123738

-0.24899,-1.98277,-1.44434,1.19098,10.5394,0.217791,-0.289205,-0.562672

-0.201935,-1.97236,-1.414,1.52154,10.5565,-0.00811257,-0.428467,-0.401381

-0.155101,-1.96053,-1.38512,1.51832,10.5747,-0.00384739,-0.413379,-0.400026

-0.119581,-1.95135,-1.36219,1.12748,10.5936,0.314963,-0.107116,-0.504021

-0.0728637,-1.93746,-1.33971,1.74852,10.6127,-0.064279,-0.43506,-0.314189

-0.0258948,-1.92241,-1.3132,1.55009,10.6358,-0.0133105,-0.400989,-0.403771

0.00889991,-1.91043,-1.29337,1.22979,10.6535,0.233012,-0.163716,-0.531119

0.0550166,-1.89316,-1.26755,1.5442,10.6709,-0.00727422,-0.380874,-0.410889

0.0895071,-1.87943,-1.24943,1.54234,10.6885,-0.00593286,-0.376644,-0.420194

0.135289,-1.86051,-1.22771,1.54386,10.707,-0.00438172,-0.369632,-0.420464

0.180484,-1.84048,-1.20154,1.53481,10.7245,0.00480907,-0.347356,-0.421175

0.214036,-1.82486,-1.18332,1.54156,10.7419,0.00204186,-0.345487,-0.425843

0.258762,-1.80278,-1.15948,3.10663,10.7643,-0.0872181,-0.4236,-0.117644

0.303249,-1.7796,-1.1354,1.58167,10.7844,-0.0164705,-0.348201,-0.416767

0.325256,-1.7675,-1.12307,1.57242,10.8027,-0.0136427,-0.348762,-0.440959

0.379471,-1.7362,-1.09163,12.5275,10.8192,-0.0211968,-0.35818,-0.019673

0.41171,-1.71637,-1.07383,1.57915,10.8414,-0.0119288,-0.320799,-0.441946

0.454081,-1.68936,-1.05067,1.57082,10.8602,-0.00233995,-0.293779,-0.44797

0.496054,-1.66162,-1.0268,2.50775,10.8811,-0.115223,-0.446783,-0.166

0.537121,-1.63266,-1.00137,1.79829,10.9002,-0.10776,-0.405668,-0.329522

0.567231,-1.61005,-0.979937,1.77924,10.9178,-0.107247,-0.393855,-0.343753

0.607022,-1.57922,-0.9555,1.58366,10.9364,0.0075525,-0.173491,-0.445166

0.636383,-1.5552,-0.937653,1.57783,10.9542,0.017786,-0.134438,-0.453646

0.675172,-1.52274,-0.917629,1.57663,10.9722,0.0310969,-0.0554237,-0.427921

0.703949,-1.49725,-0.9023,1.61132,10.9891,-0.0174998,-0.125171,-0.449618

0.742092,-1.46329,-0.884825,1.84435,11.0096,-0.170056,-0.432152,-0.313465

0.780288,-1.42929,-0.876349,1.82152,11.0274,-0.188074,-0.448486,-0.314401

0.818448,-1.39487,-0.862902,1.42997,11.0435,0.118492,0.25522,0.0355281

0.846214,-1.3683,-0.848072,2.11639,11.0732,-0.182373,-0.508051,-0.212417

0.883494,-1.33268,-0.841895,1.60992,11.0916,-0.0966417,-0.0394794,-0.9

0.911903,-1.30649,-0.852057,1.60608,11.1009,0,0,0

0.949588,-1.27137,-0.846347,1.82941,11.1286,-0.232401,-0.592729,-0.248807

0.987123,-1.23577,-0.83329,1.61488,11.1486,-1.83726,-1,-0.9

1.01449,-1.20852,-0.811247,1.61074,11.1696,0,-0.227027,0

1.04894,-1.17145,-0.773743,1.56623,11.1979,0,-0.227027,0

1.08073,-1.13132,-0.741307,1.57904,11.229,0,-0.227027,0

1.10555,-1.10204,-0.731755,1.60416,11.2569,0,-0.227027,0

1.13799,-1.06193,-0.726559,1.62146,11.2848,0,-0.227027,0

1.17141,-1.02226,-0.721013,1.62289,11.3125,0,-0.227027,0

1.19572,-0.991797,-0.702533,1.62572,11.3402,0,-0.227027,0

1.2274,-0.950833,-0.683799,1.60929,11.3682,0,-0.227027,0

1.25852,-0.908649,-0.666526,3.32067,11.3929,-0.113573,-0.519262,-0.0966303

1.28137,-0.877144,-0.657443,1.32579,11.4176,0.257453,0.261653,0.173834

1.31088,-0.834451,-0.632584,1.62125,11.4454,-0.176333,-0.858499,-0.192099

1.33812,-0.790656,-0.594626,1.62017,11.4774,-0.178836,-0.863997,-0.188175

1.35652,-0.75648,-0.556783,1.61257,11.5018,-0.185172,-0.895894,-0.169156

1.37845,-0.709972,-0.510982,1.44266,11.5301,0,-0.227027,0

1.39325,-0.674613,-0.472919,1.6,11.5565,0,-0.227027,0

1.41044,-0.626768,-0.424819,1.60264,11.5849,0,-0.227027,0

1.42628,-0.57836,-0.384639,2.09861,11.6131,-0.230332,-0.620566,-0.150436

1.43716,-0.541661,-0.359647,1.56932,11.64,0,-0.227027,0

1.45065,-0.492574,-0.325808,1.57899,11.6704,0,-0.227027,0

1.46249,-0.442906,-0.289052,1.61555,11.6989,0,-0.227027,0

1.47036,-0.405592,-0.267516,1.81383,11.7287,-0.304221,-0.679206,-0.173627

1.48011,-0.355131,-0.245323,1.83439,11.757,-0.297281,-0.680424,-0.160627

1.48943,-0.304161,-0.221958,1.84969,11.7854,-0.29419,-0.684479,-0.146765

1.49536,-0.266068,-0.202735,1.59373,11.8139,0,-0.227027,0

1.50206,-0.215135,-0.17589,1.65214,11.842,0,-0.227027,0

1.50639,-0.176772,-0.158623,1.61123,11.8704,0,-0.227027,0

1.51114,-0.125223,-0.139223,1.59356,11.8988,0,-0.227027,0

1.51493,-0.0734096,-0.114028,1.60731,11.9288,0,-0.227027,0

1.5164,-0.0343965,-0.0952809,1.62897,11.9571,0,-0.227027,0

1.51826,0.0179141,-0.0782008,1.87458,11.9847,-0.234018,-0.688744,-0.165867

1.5193,0.0703271,-0.0610392,1.63399,12.0106,-0.235023,-0.89912,-0.00458806

1.51959,0.109359,-0.0414247,1.84683,12.0395,-0.22546,-0.708528,-0.164704

1.51719,0.161102,0.000682173,4.24571,12.0727,-0.0850503,-0.492223,-0.0701753

1.51302,0.199336,0.0385775,0.816278,12.102,0.0998575,0.0962299,0.08595

1.50464,0.250088,0.0901994,1.41312,12.13,0.211807,0.271833,0.274353

1.49598,0.287575,0.127121,12.744,12.1647,-0.0228906,-0.388028,-0.0191479

1.48703,0.32532,0.146586,1.60451,12.1938,0,-0.227027,0

1.47193,0.390073,0.162603,2.03589,12.2234,-0.206778,-0.646397,-0.165999

1.4668,0.414769,0.172014,1.13702,12.253,0.19816,0.203869,0.121635

1.45253,0.478682,0.192542,2.23137,12.2851,-0.175435,-0.616432,-0.159816

1.4395,0.529284,0.221878,2.17878,12.3095,-0.185316,-0.635546,-0.155745

1.42542,0.579787,0.227391,1.64975,12.3346,-0.182446,-0.851895,-0.125646

1.41529,0.617561,0.232594,1.83686,12.3604,-0.195876,-0.736919,-0.174864

1.40379,0.655093,0.258628,2.14166,12.3882,-0.178633,-0.658613,-0.162156

1.38628,0.703426,0.307042,1.53261,12.4142,-0.0339026,-1,0.0205869

1.36531,0.751209,0.350919,1.69331,12.4443,-0.197961,-0.834642,-0.116768

1.34928,0.785682,0.3746,6.43366,12.4809,-0.05084,-0.449177,-0.0435922

1.3257,0.831513,0.42006,1.67922,12.5112,-0.176695,-0.813334,-0.181576

1.29964,0.87548,0.468473,1.79822,12.545,-0.196595,-0.739737,-0.187198

1.27248,0.918994,0.490039,1.61119,12.5697,-0.147661,-0.898403,-0.117062

1.25235,0.951957,0.505537,1.46587,12.6,0.19745,-1,-0.0443331

1.22382,0.995213,0.540968,1.56973,12.6263,-0.0978224,-0.942162,-0.11318

1.19285,1.03551,0.594523,1.59775,12.6552,-0.135357,-0.928833,-0.0662678

1.16808,1.06486,0.634006,1.26062,12.6819,0.243499,0.201776,0.222084

1.13389,1.1013,0.677463,1.59507,12.7162,-0.130013,-0.917885,-0.108239

1.10679,1.13035,0.702624,1.90127,12.7421,-0.200608,-0.699106,-0.177663

1.0701,1.1651,0.751373,1.11887,12.7683,0.150061,0.16588,0.141066

1.04182,1.19034,0.77848,1.50086,12.8065,0.164637,-1,-0.18444

1.00195,1.2226,0.830425,1.5958,12.8371,-0.124944,-0.873937,-0.211766

0.960438,1.25267,0.877403,1.45107,12.8666,0.921331,0.129453,0.633432

0.917678,1.28045,0.923301,1.81674,12.8988,-0.220301,-0.689477,-0.195895

0.884694,1.30039,0.953472,1.60846,12.9233,-0.168716,-0.889714,-0.188787

0.840145,1.32595,0.983328,1.60851,12.9525,-0.1772,-0.908009,-0.159265

0.806634,1.34426,1.01467,1.80489,12.9814,-0.219397,-0.676801,-0.217157

0.761061,1.36638,1.06762,1.56001,13.0079,0,-0.227027,0

0.714488,1.38565,1.11489,1.82325,13.0396,-0.263172,-0.663863,-0.191461

0.678678,1.39969,1.13418,1.62058,13.0644,0,-0.227027,0

0.630867,1.41794,1.1482,1.62979,13.0926,0,-0.227027,0

0.583097,1.43751,1.15114,1.88888,13.1226,-0.22206,-0.66078,-0.193606

0.54699,1.45205,1.16029,1.4681,13.1507,0,-0.227027,0

0.498557,1.47127,1.1744,1.9077,13.1807,-0.199604,-0.660418,-0.20343

0.449344,1.48891,1.20241,1.61842,13.2053,-0.169054,-0.863667,-0.183981

0.412327,1.50128,1.21576,1.61054,13.2296,-0.152169,-0.862212,-0.199419

0.362286,1.51613,1.24375,1.64648,13.2566,-0.184603,-0.838939,-0.164686

0.312093,1.52838,1.28585,1.84105,13.2835,-0.223992,-0.719758,-0.159463

0.274138,1.53465,1.32607,1.28905,13.3115,0.195488,0.225193,0.184419

0.223602,1.54082,1.37488,1.40272,13.3408,0.221071,0.258271,0.268125

0.18535,1.54402,1.41408,1.61563,13.37,-0.222117,-0.94418,-0.048162

0.134628,1.54569,1.45879,1.59734,13.398,0,-0.227027,0

0.0836831,1.54624,1.48609,4.24925,13.428,-0.0854275,-0.485468,-0.0697724

0.045445,1.54677,1.50699,1.60757,13.4558,0,-0.227027,0

-0.00559066,1.54601,1.53343,1.27452,13.4842,0.152857,0.220759,0.15609

-0.0568768,1.54398,1.56418,1.60424,13.5098,-0.509883,-1,-0.9

-0.0958021,1.54236,-4.70587,1.64411,13.5215,-0.317537,-0.801594,0.466423

-0.14662,1.53764,-4.67531,1.59214,13.5546,-0.150654,-0.579508,0.918956

-0.184849,1.53368,-4.65528,1.60697,13.5943,0,-0.227027,0

-0.23495,1.52561,-4.61283,1.58693,13.6246,0,-0.227027,0

-0.284268,1.51503,-4.58096,1.40415,13.6532,0.194906,0.265785,0.248715

-0.321459,1.50658,-4.55941,1.5907,13.684,0,-0.227027,0

-0.371307,1.49515,-4.54209,1.42492,13.7124,0,-0.227027,0

-0.420317,1.48204,-4.50437,1.55127,13.7405,0,-0.227027,0

-0.457787,1.47137,-4.481,1.62102,13.7706,-0.196589,-0.882504,-0.153236

-0.506721,1.45594,-4.459,1.59783,13.7973,0,-0.227027,0

-0.555075,1.43877,-4.42492,1.57619,13.8283,0,-0.227027,0

-0.591508,1.4255,-4.41059,1.62825,13.8564,-0.182604,-0.855551,-0.170169

-0.639702,1.40674,-4.39623,1.62855,13.8812,-0.184169,-0.878286,-0.11291

-0.652073,1.40229,-4.39458,1.87804,13.9064,-0.186951,-0.676303,-0.213373

-0.723651,1.37294,-4.35774,1.45254,13.9334,0.575872,-0.718695,0.655728

-0.758071,1.35761,-4.32303,1.28497,13.9708,0.377037,0.220824,0.216418

-0.802848,1.33263,-4.28144,1.60492,13.9998,-0.142231,-0.869472,-0.190376

-0.84674,1.30595,-4.23851,1.81948,14.0259,-0.214185,-0.727057,-0.171579

-0.890077,1.27829,-4.21315,1.61018,14.0519,-0.16762,-0.924071,-0.0380482

-0.922159,1.25787,-4.18143,6.09092,14.078,-0.0545779,-0.450706,-0.0458432

-0.962451,1.22645,-4.12822,1.55617,14.1052,-0.0148665,-0.952731,0.496579

-1.00101,1.19477,-4.0799,1.58321,14.1415,-0.136072,-1,0.201204

-1.0192,1.1773,-4.05396,1.78792,14.1719,-0.213634,-0.703251,-0.209312

-1.06374,1.1333,-4.00017,1.51039,14.198,0.42293,0.181599,0.904248

-1.08876,1.10479,-3.972,1.60341,14.2349,0,-0.227027,0

-1.12131,1.06605,-3.92471,1.83498,14.2649,-0.237216,-0.673305,-0.1983

-1.1529,1.02657,-3.88994,1.63349,14.2915,0,-0.227027,0

-1.17645,0.997729,-3.87382,1.52481,14.3215,0,-0.227027,0

-1.20774,0.957268,-3.85122,1.57257,14.3494,0,-0.227027,0

-1.23856,0.915785,-3.82304,1.8655,14.3794,-0.228308,-0.670599,-0.192429

-1.26099,0.884388,-3.81284,4.1035,14.4075,-0.0865167,-0.485952,-0.0742502

-1.29052,0.841736,-3.78934,1.5865,14.4327,0,-0.227027,0

-1.31215,0.809348,-3.78375,1.4074,14.4607,0.91935,0.135961,0.344624

-1.34043,0.765501,-3.75493,2.6561,14.494,-0.144568,-0.566265,-0.130825

-1.36652,0.719634,-3.72687,1.68005,14.5182,-0.197187,-0.790786,-0.193608

-1.38626,0.685387,-3.72095,1.8849,14.5424,-0.198806,-0.691583,-0.190424

-1.4139,0.641201,-3.72258,1.84262,14.5673,-0.19499,-0.726347,-0.183754

-1.44031,0.596493,-3.68972,1.79256,14.5974,-0.194801,-0.753823,-0.179021

-1.45724,0.560993,-3.65401,1.61067,14.6223,-0.145545,-0.88545,-0.145337

-1.47835,0.514565,-3.6094,1.61351,14.6504,-0.155418,-0.905123,-0.0897938

-1.49531,0.465318,-3.55471,3.22302,14.677,-0.121697,-0.551762,-0.097307

