1.50766,0.023839,0.0048586,0,0.03,1.12397,-0,-0
1.50763,0.0239926,0.00468913,0.0187502,0.06,1.15915,-0.00225423,-0
1.50727,0.028496,0.00466232,0.285821,0.09,1.07794,-0.0558768,-0
1.50702,0.0409332,0.00453373,0.367309,0.12,1.08398,-0.0999117,-0
1.5071,0.0602157,0.0063203,0.771337,0.15,0.846535,-0.288082,-0
1.50728,0.0781299,0.00883209,0.694486,0.18,0.929801,-0.304247,-0
1.50697,0.106102,0.0127591,1.06571,0.21,0.532007,-0.478751,-0
1.50561,0.138226,0.0228382,1.23375,0.24,0.288458,-0.438862,-0
1.50357,0.164251,0.0366417,0.98028,0.27,0.6029,-0.502726,-0
1.49912,0.200409,0.0599076,1.17007,0.3,0.333935,-0.451996,-0
1.49315,0.239191,0.0865255,1.47328,0.33,0.143464,-0.521699,-0
1.48795,0.269052,0.107515,1.49762,0.36,0.130304,-0.524201,-0
1.48006,0.310121,0.135401,1.49766,0.39,0.130359,-0.523243,-0
1.4707,0.352752,0.165967,1.57812,0.42,0.0889214,-0.538219,-0
1.46231,0.385106,0.189823,1.60152,0.45,0.0787973,-0.537816,-0
1.44996,0.428978,0.220574,1.44574,0.48,0.158239,-0.504038,-0
1.43958,0.462404,0.244325,1.66822,0.51,0.0490135,-0.544543,-0
1.42385,0.508527,0.277398,1.55271,0.54,0.104222,-0.523943,-0
1.40655,0.552589,0.31165,1.55289,0.57,0.10466,-0.520201,-0
1.39218,0.58708,0.340511,1.5611,0.6,0.101854,-0.515489,-0
1.37146,0.632007,0.374507,1.2554,0.63,0.258797,-0.439548,-0
1.34926,0.676893,0.408362,1.56587,0.66,0.0996349,-0.513918,-0
1.33155,0.710612,0.434836,1.58236,0.69,0.0924509,-0.514009,-0
1.30647,0.754883,0.472666,1.93088,0.72,-0.0609279,-0.560862,-0
1.27938,0.798105,0.503419,1.56763,0.75,0.0993688,-0.510129,-0
1.25798,0.831126,0.533671,2.12133,0.78,-0.130949,-0.582324,-0
1.22753,0.874193,0.570777,1.7061,0.81,0.0345939,-0.526032,-0
1.20403,0.905613,0.595476,1.70707,0.84,0.0355816,-0.525419,-0
1.17053,0.946388,0.633467,1.95179,0.87,-0.0697969,-0.556758,-0
1.13604,0.986183,0.666095,1.63498,0.9,0.0675779,-0.513679,-0
1.10867,1.01657,0.698685,1.67478,0.93,0.0501222,-0.513175,-0
1.08092,1.04526,0.726945,1.11943,0.96,0.453409,-0.513221,-0
1.04232,1.08198,0.759663,6.40185,0.99,-1.71162,-1,0
1.00217,1.11865,0.802713,1.34542,1.02,0.217122,-0.432957,-0
0.96103,1.15248,0.852434,1.65195,1.05,0.0615226,-0.485139,-0
0.918191,1.18292,0.90348,4.33975,1.08,-1.06472,-0.989285,0
0.896164,1.19771,0.923991,1.63109,1.11,0.0762628,-0.45055,-0
0.840478,1.2329,0.97133,1.75507,1.14,0.00989926,-0.470804,-0
0.794856,1.25951,1.0066,1.63468,1.17,0.0725696,-0.442916,-0
0.760033,1.27862,1.03113,1.58418,1.2,0.100085,-0.431855,-0
0.713215,1.30141,1.06414,1.37777,1.23,0.211775,-0.377844,-0
0.676797,1.31771,1.09082,1.75176,1.26,0.0118851,-0.465563,-0
0.63945,1.33628,1.12087,13.4338,1.29,-4,-1,0
0.576574,1.3601,1.17076,1.92454,1.32,-0.0876101,-0.494034,-0
0.538949,1.37467,1.19557,1.66757,1.35,0.0549803,-0.438181,-0
0.500892,1.38633,1.23336,1.52113,1.38,0.137897,-0.382521,-0
0.435977,1.40214,1.28771,1.90834,1.41,-0.0910367,-0.459838,-0
0.396099,1.41044,1.31732,1.70484,1.44,0.0343404,-0.399339,-0
0.34326,1.41944,1.35388,1.68668,1.47,0.0437171,-0.388252,-0
0.290316,1.42632,1.39354,1.93651,1.5,-0.123833,-0.446915,-0
0.250372,1.43032,1.41633,1.67531,1.53,-0.0115592,-1,-0
0.196832,1.43461,1.44385,1.68897,1.56,-0.00891224,-1,-0
0.15669,1.43722,1.46953,1.67391,1.59,-0.0114274,-1,-0
0.103404,1.4382,1.52243,1.88709,1.62,0.0167407,-1,-0
0.0506577,1.43478,-4.70194,2.63293,1.65,-0.711301,-0.486437,0
0.0115685,1.42967,-4.65731,1.47393,1.68,0.184009,-0.180567,-0
-0.0269785,1.42292,-4.6127,2.60903,1.71,-0.781415,-0.320562,0
-0.090318,1.4073,-4.54675,1.64805,1.74,0.0695187,-0.0315794,-0
-0.128127,1.39664,-4.53535,1.62742,1.77,0.0854275,-0.0746204,-0
-0.179337,1.38358,-4.52202,1.8957,1.8,-0.160381,-0.179669,-0
-0.230795,1.37083,-4.51418,1.66359,1.83,0.052869,-0.205356,-0
-0.269366,1.36142,-4.50858,1.65736,1.86,0.0562874,-0.271517,-0
-0.295148,1.35546,-4.50518,1.65816,1.89,0.0569938,-0.319638,-0
-0.372719,1.33438,-4.48044,10.7231,1.92,-4,-1,0
-0.411964,1.32361,-4.46256,1.52152,1.95,0.138307,-0.358608,-0
-0.463099,1.3073,-4.43813,1.88992,1.98,-0.132608,-0.509533,-0
-0.501768,1.29439,-4.41868,1.68825,2.01,0.0186309,-0.462653,-0
-0.539266,1.27937,-4.38907,1.32543,2.04,0.253682,-0.339701,-0
-0.600345,1.25174,-4.34109,1.69014,2.07,0.00948735,-0.466726,-0
-0.636226,1.23313,-4.30592,2.0219,2.1,-0.250513,-0.55391,-0
-0.682633,1.20849,-4.26817,1.65794,2.13,0.032971,-0.444062,-0
-0.717317,1.18817,-4.24303,1.70963,2.16,-0.00683404,-0.470335,-0
-0.762195,1.1591,-4.19899,1.33438,2.19,0.263745,-0.307765,-0
-0.806888,1.12884,-4.17288,1.69738,2.22,-0.00765676,-0.482849,-0
-0.850453,1.09653,-4.1415,1.9864,2.25,-0.266732,-0.582702,-0
-0.882118,1.07201,-4.11001,1.85923,2.28,-0.155075,-0.551602,-0
-0.913046,1.04634,-4.07496,4.53065,2.31,-1.52438,-0.80509,0
-0.962651,1.0008,-4.02682,1.98242,2.34,-0.315144,-0.575151,-0
-0.991976,0.973392,-4.00846,1.63189,2.37,0.0384668,-0.48134,-0
-1.02931,0.935023,-3.97035,3.41949,2.4,-1.0639,-0.644503,0
-1.06582,0.895963,-3.93698,1.91819,2.43,-0.260484,-0.597515,-0
-1.09198,0.865969,-3.91239,1.87402,2.46,-0.204136,-0.595043,-0
-1.12547,0.823611,-3.87907,1.72281,2.49,-0.0656166,-0.564705,-0
-1.14967,0.791515,-3.84478,1.87196,2.52,-0.212979,-0.600209,-0
-1.18022,0.746186,-3.80566,1.75878,2.55,-0.11512,-0.578465,-0
-1.20934,0.701785,-3.77291,1.72201,2.58,-0.0827959,-0.580193,-0
-1.22978,0.666845,-3.74142,6.78048,2.61,-2.76858,-1,0
-1.25541,0.618255,-3.69975,2.04285,2.64,-0.422402,-0.60088,0
-1.27913,0.570055,-3.65943,1.93459,2.67,-0.362012,-0.606499,0
-1.29498,0.533254,-3.62017,1.22126,2.7,0.371706,-0.255485,-0
-1.3149,0.48383,-3.57973,1.58255,2.73,0.0721603,-0.47658,-0
-1.32781,0.444583,-3.54836,2.03152,2.76,-0.492659,-0.54081,0
-1.34456,0.394102,-3.50915,1.64274,2.79,-0.0208771,-0.522582,-0
-1.35549,0.354969,-3.48117,1.73839,2.82,-0.173647,-0.579245,-0
-1.36905,0.303982,-3.44254,1.61658,2.85,0.0168111,-0.506435,-0
-1.38001,0.251924,-3.40735,1.62141,2.88,-0.000755456,-0.525704,-0
-1.38888,0.199355,-3.36701,1.69572,2.91,-0.176932,-0.584397,-0
-1.39417,0.159388,-3.34138,1.71854,2.94,-0.203357,-0.595499,-0
-1.40002,0.106922,-3.30173,1.64912,2.97,-0.0831414,-0.565364,-0
-1.40356,0.0538379,-3.25857,1.61512,3,-0.0226486,-0.524902,-0
-1.40471,0.0137202,-3.22949,1.90998,3.03,-0.528757,-0.435063,0
-1.40441,-0.0389425,-3.19315,1.3206,3.06,0.367014,-0.198275,-0
-1.40284,-0.0906325,-3.15358,2.0577,3.09,-0.609175,-0.266933,0
-1.39919,-0.132062,-3.12774,1.6905,3.12,-0.278919,-0.581127,-0
-1.3946,-0.18488,-3.09771,1.68071,3.15,-0.263318,-0.603828,-0
-1.38998,-0.22505,-3.07848,1.70989,3.18,-0.271688,-0.623993,-0
-1.38331,-0.278603,-3.0522,4.5281,3.21,-1.78554,-0.483955,0
-1.37495,-0.331738,-3.01634,1.65819,3.24,-0.177897,-0.666955,-0
-1.36684,-0.371428,-2.98896,1.98819,3.27,-0.528257,-0.470657,0
-1.35376,-0.423572,-2.94743,1.73085,3.3,-0.33745,-0.613258,0
-1.34232,-0.461841,-2.91567,1.67339,3.33,-0.222262,-0.663059,-0
-1.32518,-0.512168,-2.87313,1.91008,3.36,-0.520444,-0.39325,0
-1.30601,-0.562133,-2.83097,1.66845,3.39,-0.318654,-0.586156,0
-1.28489,-0.611376,-2.79673,1.69914,3.42,-0.383129,-0.488434,0
-1.26868,-0.647965,-2.77679,1.65293,3.45,-0.244023,-0.650621,0
-1.24604,-0.695915,-2.74278,1.85241,3.48,-0.480177,-0.401591,0
-1.22143,-0.743079,-2.7067,6.6947,3.51,-3.24404,-0.555429,0
-1.20231,-0.777638,-2.68005,1.85417,3.54,-0.474632,-0.419663,0
-1.17488,-0.823394,-2.64916,1.70784,3.57,-0.342329,-0.565744,0
-1.15373,-0.856697,-2.62466,1.87374,3.6,-0.466449,-0.469636,0
-1.12415,-0.900284,-2.5945,2.2032,3.63,-0.658815,-0.396831,0
-1.10116,-0.932604,-2.56889,1.9293,3.66,-0.478104,-0.493763,0
-1.06928,-0.974174,-2.52873,1.88847,3.69,-0.464129,-0.476262,0
-1.03603,-1.01333,-2.4864,1.77776,3.72,-0.404038,-0.499429,0
-1.00088,-1.04995,-2.44158,1.52599,3.75,0,-0.227027,0
-0.972499,-1.07771,-2.41128,1.74224,3.78,-0.395212,-0.470295,0
-0.94388,-1.10392,-2.38266,1.86437,3.81,-0.474712,-0.40035,0
-0.895881,-1.14592,-2.34756,1.85088,3.84,-0.458467,-0.364965,0
-0.866376,-1.17091,-2.32235,1.94171,3.87,-0.500411,-0.377946,0
-0.826328,-1.20364,-2.29942,2.02902,3.9,-0.526666,-0.399162,0
-0.785679,-1.23507,-2.27307,1.62023,3.93,-0.168116,-0.70761,0
-0.754698,-1.25768,-2.24825,1.85391,3.96,-0.41118,-0.556818,0
-0.711954,-1.28676,-2.21115,1.85418,3.99,-0.416216,-0.536512,0
-0.678899,-1.30691,-2.18009,1.54907,4.02,0,-0.227027,0
-0.633411,-1.33265,-2.14896,1.6874,4.05,-0.253433,-0.681936,0
-0.587144,-1.35684,-2.11166,1.64272,4.08,-0.200292,-0.703536,0
-0.552757,-1.37353,-2.0986,1.5239,4.11,0.0427289,-0.757928,-0
-0.502591,-1.3976,-2.05065,1.71826,4.14,-0.289327,-0.655369,0
-0.454159,-1.41631,-1.99826,1.54722,4.17,0,-0.227027,0
-0.417715,-1.42912,-1.96882,1.64856,4.2,0,-0.227027,0
-0.367537,-1.44465,-1.92376,1.74069,4.23,-0.365628,-0.501693,0
-0.328775,-1.45542,-1.90276,1.79697,4.26,-0.3922,-0.526885,0
-0.27797,-1.46857,-1.87754,1.59858,4.29,-0.129561,-0.737204,0
-0.226072,-1.48173,-1.85349,2.72158,4.32,-0.79514,-0.434417,0
-0.187079,-1.49079,-1.83789,1.67067,4.35,-0.200955,-0.731292,0
-0.134646,-1.5012,-1.80777,1.61344,4.38,-0.123589,-0.762207,0
-0.0950018,-1.50829,-1.78323,1.6538,4.41,-0.16094,-0.757334,0
-0.0427869,-1.51497,-1.74018,1.64891,4.44,-0.169231,-0.748941,0
0.00964151,-1.51868,-1.69323,1.90858,4.47,-0.413365,-0.560053,0
0.0484543,-1.51951,-1.65934,1.83774,4.5,-0.370903,-0.602477,0
0.100245,-1.51796,-1.61259,2.15155,4.53,-0.581177,-0.459587,0
0.1515,-1.51439,-1.56868,1.62184,4.56,-0.19264,-0.69093,0
0.202222,-1.50858,-1.52189,1.57836,4.59,0,-0.227027,0
0.227483,-1.50491,-1.50182,1.82261,4.62,-0.409139,-0.501926,0
0.290638,-1.49384,-1.45097,1.59748,4.65,0,-0.227027,0
0.328469,-1.48582,-1.42399,1.85463,4.68,-0.440884,-0.380592,0
0.379408,-1.47449,-1.40202,1.87788,4.71,-0.441845,-0.419141,0
0.430574,-1.46289,-1.38468,1.64074,4.74,-0.209709,-0.69453,0
0.481379,-1.45022,-1.36001,1.8688,4.77,-0.405662,-0.529589,0
0.519278,-1.43975,-1.33934,1.64228,4.8,-0.174515,-0.740572,0
0.568841,-1.42372,-1.3025,2.16092,4.83,-0.565164,-0.506996,0
0.605443,-1.41019,-1.27044,1.63833,4.86,-0.168252,-0.743662,0
0.652743,-1.39017,-1.22422,1.82948,4.89,-0.386696,-0.548221,0
0.687521,-1.37374,-1.19488,1.84422,4.92,-0.391892,-0.561848,0
0.733144,-1.35014,-1.15281,1.1622,4.95,0.515902,-0.318819,-0
0.777799,-1.3247,-1.11286,1.61004,4.98,-0.167652,-0.716212,0
0.82117,-1.2978,-1.07646,1.58891,5.01,0,-0.227027,0
0.853391,-1.27641,-1.0537,1.85879,5.04,-0.424468,-0.48051,0
0.896104,-1.24713,-1.01684,1.83157,5.07,-0.415189,-0.466089,0
0.937948,-1.21688,-0.988246,1.85234,5.1,-0.42141,-0.463987,0
0.968522,-1.1936,-0.963266,1.28277,5.13,0.442744,-0.434461,-0
1.00828,-1.16067,-0.924772,1.84556,5.16,-0.418805,-0.479081,0
1.04639,-1.12595,-0.886484,1.62131,5.19,0,-0.227027,0
1.07399,-1.09881,-0.855943,1.85886,5.22,-0.436161,-0.443848,0
1.10922,-1.06097,-0.813859,1.60596,5.25,0,-0.227027,0
1.13502,-1.03196,-0.788962,1.84063,5.28,-0.437092,-0.432546,0
1.16911,-0.992445,-0.761749,1.6446,5.31,-0.236615,-0.680066,0
1.2031,-0.952473,-0.738667,1.65438,5.34,-0.235924,-0.686282,0
1.22712,-0.92189,-0.710025,1.83706,5.37,-0.411563,-0.523168,0
1.25831,-0.880514,-0.67497,1.83952,5.4,-0.417188,-0.500965,0
1.28644,-0.837658,-0.631588,1.84746,5.43,-0.437208,-0.421171,0
1.30583,-0.804309,-0.597077,1.61066,5.46,0,-0.227027,0
1.33041,-0.759167,-0.560724,1.60772,5.49,0,-0.227027,0
1.35458,-0.713212,-0.537082,1.86373,5.52,-0.450994,-0.395054,0
1.36667,-0.690136,-0.525982,2.60422,5.55,-0.747222,-0.381294,0
1.39641,-0.632083,-0.499907,1.62381,5.58,-0.146487,-0.748029,0
1.41328,-0.5973,-0.48217,1.83419,5.61,-0.36429,-0.627398,0
1.43416,-0.550251,-0.449255,3.22584,5.64,-0.950497,-0.476348,0
1.45196,-0.502629,-0.406061,1.79672,5.67,-0.360074,-0.609628,0
1.4632,-0.466192,-0.36977,1.8061,5.7,-0.376205,-0.595238,0
1.47317,-0.429614,-0.339402,1.58179,5.73,0,-0.227027,0
1.48695,-0.367307,-0.284134,1.60422,5.76,0,-0.227027,0
1.49394,-0.329633,-0.253528,1.27349,5.79,0.452912,-0.28311,-0
1.50221,-0.279597,-0.217697,1.82759,5.82,-0.454122,-0.409402,0
1.50906,-0.229461,-0.190035,1.53617,5.85,0,-0.227027,0
1.51298,-0.191178,-0.164151,1.5809,5.88,0,-0.227027,0
1.51755,-0.139973,-0.139739,1.60215,5.91,0,-0.227027,0
1.52149,-0.0883408,-0.120596,1.63102,5.94,0,-0.227027,0
1.52412,-0.049265,-0.105295,1.64482,5.97,0,-0.227027,0
1.52684,0.00356912,-0.0873406,2.64403,6,-0.734301,-0.505239,0
1.52891,0.0566796,-0.0694833,1.91188,6.03,-0.40407,-0.708564,0
1.52954,0.0963322,-0.047347,1.66219,6.06,-0.122407,-0.759486,-0
1.52864,0.135637,-0.0179366,0.770935,6.09,0.738953,-0.253077,-0
1.5242,0.188021,0.029037,1.63565,6.12,-0.0925496,-0.75522,-0
1.51646,0.239859,0.0764143,1.89212,6.15,-0.422529,-0.687774,0
1.5091,0.278307,0.110821,1.61384,6.18,-0.0672997,-0.74392,-0
1.49715,0.329374,0.159737,1.88714,6.21,-0.475638,-0.628627,0
1.48662,0.366294,0.198061,1.4182,6.24,0.288247,-0.508289,-0
1.46581,0.427348,0.259099,1.82744,6.27,-0.465606,-0.372308,0
1.45166,0.463938,0.293561,1.67887,6.3,0,-0.227027,0
1.43158,0.51165,0.338477,1.60465,6.33,0,-0.227027,0
1.40937,0.558662,0.368714,1.8322,6.36,-0.47472,-0.174848,0
1.39228,0.594003,0.389107,1.63408,6.39,0,-0.227027,0
1.36956,0.641214,0.405385,1.64048,6.42,0,-0.227027,0
1.35195,0.676747,0.418864,1.6464,6.45,0,-0.227027,0
1.32818,0.724168,0.437549,1.67115,6.48,0,-0.227027,0
1.30972,0.759539,0.449614,1.42045,6.51,0.25492,-0.569228,-0
1.28437,0.807277,0.470156,1.67086,6.54,-0.154418,-0.743843,-0
1.25784,0.854102,0.486255,1.62282,6.57,-0.0761389,-0.758157,-0
1.22987,0.900509,0.514913,1.76298,6.6,-0.240158,-0.731491,0
1.20802,0.933672,0.542299,1.61918,6.63,-0.0638589,-0.75982,-0
1.17618,0.976551,0.59046,2.65623,6.66,-0.71786,-0.558086,0
1.14223,1.01709,0.637707,2.6127,6.69,-0.722638,-0.501418,0
1.11566,1.04599,0.667345,1.57549,6.72,-0.00976336,-0.746807,-0
1.07874,1.08478,0.713867,2.8833,6.75,-0.833147,-0.447846,0
1.05108,1.11216,0.747266,1.59838,6.78,0,-0.227027,0
1.01157,1.14697,0.792666,1.54217,6.81,0,-0.227027,0
0.970876,1.18004,0.831861,1.62327,6.84,0,-0.227027,0
0.939506,1.20442,0.856351,1.6498,6.87,-0.176906,-0.729446,-0
0.897188,1.23641,0.882002,1.65528,6.9,-0.182672,-0.732102,0
0.854663,1.2671,0.900294,1.54894,6.93,0,-0.227027,0
0.821506,1.29088,0.930279,2.69249,6.96,-0.760699,-0.465797,0
0.777016,1.31855,0.964662,1.66981,6.99,-0.183843,-0.736597,0
0.731178,1.34573,0.994685,1.66608,7.02,-0.180378,-0.739811,0
0.707477,1.35973,1.0198,1.76782,7.05,-0.27773,-0.698244,0
0.647877,1.38907,1.07449,1.68392,7.08,-0.237789,-0.708572,0
0.599279,1.41014,1.11916,1.71249,7.11,-0.320068,-0.634921,0
0.561916,1.42352,1.15776,1.76234,7.14,-0.39532,-0.546111,0
0.512059,1.43943,1.20444,1.62536,7.17,0,-0.227027,0
0.4738,1.44993,1.23045,1.63684,7.2,0,-0.227027,0
0.422444,1.46356,1.26754,1.65198,7.23,0,-0.227027,0
0.370773,1.4755,1.29291,1.672,7.26,0,-0.227027,0
0.331685,1.48419,1.30978,1.67691,7.29,-0.290957,-0.665703,0
0.278651,1.49523,1.33493,1.24141,7.32,0.476721,-0.296108,-0
0.225821,1.50539,1.35101,1.66052,7.35,-0.210594,-0.722331,0
0.185686,1.51155,1.37843,1.71266,7.38,-0.273057,-0.691841,0
0.132155,1.5187,1.4109,1.69099,7.41,-0.24805,-0.704912,0
0.078909,1.52249,1.45292,1.67094,7.44,-0.247693,-0.695736,0
0.0391834,1.52342,1.48464,1.66148,7.47,-0.223684,-0.713208,0
-0.0141492,1.52331,1.53055,1.90939,7.5,-0.548583,-0.44677,0
-0.0667506,1.51969,-4.70972,1.64633,7.53,-0.293089,-0.617412,0
-0.10651,1.51637,-4.68444,1.47704,7.56,0,-0.227027,0
-0.158673,1.51028,-4.64653,1.63774,7.59,0,-0.227027,0
-0.197493,1.50332,-4.6097,1.87419,7.62,-0.57716,-0.317606,0
-0.248797,1.49277,-4.58282,1.6529,7.65,0,-0.227027,0
-0.261696,1.49004,-4.57495,1.0988,7.68,0.543408,-0.19446,-0
-0.339211,1.47258,-4.53706,1.90129,7.71,-0.561848,-0.433175,0
-0.365185,1.46617,-4.52641,6.67854,7.74,-2.99782,-0.794402,0
-0.417157,1.45358,-4.51046,1.47679,7.77,0.189944,-0.683813,-0
-0.481397,1.43693,-4.47602,6.58207,7.8,-2.91125,-0.919669,0
-0.530614,1.42032,-4.42846,1.57719,7.83,0,-0.227027,0
-0.579031,1.40042,-4.395,4.37456,7.86,-1.72378,-0.503014,0
-0.613446,1.38521,-4.35061,2.07442,7.89,-0.60098,-0.363887,0
-0.659489,1.36221,-4.30177,2.14188,7.92,-0.623757,-0.232339,0
-0.704602,1.33626,-4.27431,1.83453,7.95,-0.551346,-0.382164,0
-0.737726,1.31691,-4.25276,1.58146,7.98,0,-0.227027,0
-0.782289,1.28917,-4.23398,2.75477,8.01,-0.82488,-0.305366,0
-0.815957,1.26956,-4.21551,1.61036,8.04,0,-0.227027,0
-0.859916,1.24053,-4.19335,1.74152,8.07,-0.357165,-0.755541,0
-0.89342,1.22009,-4.17465,1.66883,8.1,-0.196342,-0.82335,-0
-0.937035,1.19061,-4.15613,1.67963,8.13,-0.192107,-0.820019,-0
-0.969076,1.1675,-4.12035,1.62437,8.16,-0.0986728,-0.82272,-0
-1.01894,1.12507,-4.05014,1.64622,8.19,-0.241473,-0.840826,0
-1.04702,1.09812,-4.01743,1.66623,8.22,0,-0.227027,0
-1.08196,1.06012,-3.97033,2.12378,8.25,-0.616018,-0.326237,0
-1.10682,1.03009,-3.93183,1.63845,8.28,0,-0.227027,0
-1.14037,0.98946,-3.89434,1.6482,8.31,0,-0.227027,0
-1.17268,0.948783,-3.87176,1.66972,8.34,0,-0.227027,0
-1.19713,0.91724,-3.85182,1.4753,8.37,0.270564,-0.654612,-0
-1.22982,0.874687,-3.82906,1.65657,8.4,-0.284806,-0.831796,0
-1.26126,0.830785,-3.81143,1.67658,8.43,-0.281365,-0.811093,0
-1.2841,0.797811,-3.78597,1.65979,8.46,-0.219577,-0.831212,0
-1.31262,0.752112,-3.74695,1.67826,8.49,-0.282471,-0.81027,0
-1.33773,0.70514,-3.70358,1.62572,8.52,0,-0.227027,0
-1.35492,0.668938,-3.6692,1.69266,8.55,-0.368185,-0.766814,0
-1.37546,0.619225,-3.61664,1.77531,8.58,-0.531171,-0.449496,0
-1.39391,0.570551,-3.56726,1.65681,8.61,0,-0.227027,0
-1.40561,0.533195,-3.52878,1.64708,8.64,0,-0.227027,0
-1.41637,0.495172,-3.49537,1.94378,8.67,-0.56309,-0.0619268,0
-1.43432,0.431068,-3.46825,1.6419,8.7,0,-0.227027,0
-1.44483,0.391954,-3.45856,1.4859,8.73,0,-0.227027,0
-1.46003,0.340521,-3.4561,1.92754,8.76,-0.545267,-0.443866,0
-1.47109,0.301457,-3.44516,1.65944,8.79,-0.242566,-0.82624,0
-1.48551,0.250402,-3.42692,6.41784,8.82,-2.82089,-1,0
-1.49796,0.197927,-3.39931,1.72532,8.85,-0.292558,-0.781486,0
-1.50532,0.158542,-3.36906,1.89841,8.88,-0.430499,-0.675382,0
-1.51242,0.105905,-3.3232,1.87873,8.91,-0.44634,-0.642283,0
-1.51627,0.0530454,-3.27511,1.905,8.94,-0.492893,-0.55166,0
-1.51755,0.0136022,-3.23917,1.90508,8.97,-0.502341,-0.543641,0
-1.51652,-0.0390416,-3.19211,3.36089,9,-1.14293,-0.345751,0
-1.5144,-0.0777837,-3.15175,1.70387,9.03,-0.43719,-0.664528,0
-1.50853,-0.130829,-3.10726,1.68514,9.06,-0.475967,-0.568417,0
-1.50203,-0.182377,-3.06729,1.94539,9.09,-0.551107,-0.1961,0
-1.49378,-0.23304,-3.03227,1.89246,9.12,-0.531054,-0.175015,0
-1.48684,-0.271199,-3.01186,1.83889,9.15,-0.536647,-0.303955,0
-1.47629,-0.323003,-2.99223,3.35718,9.18,-1.15146,-0.261167,0
-1.46838,-0.361567,-2.97701,1.95223,9.21,-0.547565,-0.436655,0
-1.45991,-0.400079,-2.96184,1.86404,9.24,-0.477149,-0.604197,0
-1.44445,-0.463791,-2.93123,3.38117,9.27,-1.08708,-0.439688,0
-1.43718,-0.489164,-2.91328,0.69168,9.3,0.712153,-0.144597,-0
-1.42568,-0.526271,-2.88266,6.54905,9.33,-2.85558,-1,0
-1.39698,-0.600126,-2.81955,1.69223,9.36,-0.361714,-0.723331,0
-1.38171,-0.636778,-2.80148,1.88407,9.39,-0.480716,-0.578644,0
-1.36025,-0.684199,-2.76649,2.59914,9.42,-0.745768,-0.384734,0
-1.33665,-0.729857,-2.71791,1.61919,9.45,0,-0.227027,0
-1.31709,-0.763424,-2.68555,1.16216,9.48,0.536833,-0.257945,-0
-1.28977,-0.807784,-2.65313,1.68184,9.51,-0.37524,-0.72278,0
-1.2621,-0.852127,-2.62888,1.89556,9.54,-0.509651,-0.483621,0
-1.24117,-0.885094,-2.61007,1.66422,9.57,-0.266295,-0.811953,0
-1.21189,-0.927938,-2.57496,1.5938,9.6,0,-0.227027,0
-1.18818,-0.959919,-2.55097,1.91205,9.63,-0.483248,-0.587129,0
-1.15562,-1.00108,-2.5278,1.65256,9.66,-0.20886,-0.830588,0
-1.12267,-1.04242,-2.50198,1.67474,9.69,-0.232561,-0.815126,0
-1.09752,-1.07196,-2.47578,1.77528,9.72,-0.328527,-0.756063,0
-1.06101,-1.10996,-2.42793,1.63977,9.75,-0.188392,-0.83852,0
-1.03252,-1.13664,-2.39014,1.61426,9.78,-0.137369,-0.85311,-0
-0.993002,-1.17036,-2.33867,1.62108,9.81,-0.204996,-0.85904,0
-0.952468,-1.20098,-2.29007,1.54144,9.84,0,-0.227027,0
-0.920284,-1.22316,-2.25011,1.61651,9.87,0,-0.227027,0
-0.876402,-1.25039,-2.20916,1.63557,9.9,0,-0.227027,0
-0.832178,-1.27709,-2.1771,1.65664,9.93,0,-0.227027,0
-0.797158,-1.29833,-2.15798,1.22887,9.96,0.520789,-0.193472,-0
-0.752237,-1.32383,-2.13774,1.7413,9.99,-0.487007,-0.569508,0
-0.705964,-1.35019,-2.1165,1.7312,10.02,-0.438189,-0.64364,0
-0.67314,-1.36665,-2.1058,1.21818,10.05,0.48219,-0.360985,-0
-0.624888,-1.39186,-2.08964,1.6608,10.08,-0.214855,-0.828104,0
-0.573556,-1.4174,-2.0482,2.16567,10.11,-0.583787,-0.474271,0
-0.537539,-1.43316,-2.02749,1.94399,10.14,-0.472846,-0.618197,0
-0.487,-1.45394,-1.99687,1.95412,10.17,-0.472851,-0.614231,0
-0.437733,-1.47094,-1.95551,4.20715,10.2,-1.52115,-0.604295,0
-0.398859,-1.48384,-1.92106,2.21876,10.23,-0.595,-0.480729,0
-0.347719,-1.49725,-1.87697,1.63833,10.26,-0.222546,-0.835852,0
-0.308745,-1.50525,-1.84093,1.02931,10.29,0.567604,-0.220073,-0
-0.257132,-1.51341,-1.79696,1.6319,10.32,-0.26141,-0.840722,0
-0.204426,-1.51939,-1.7457,1.86685,10.35,-0.529634,-0.329674,0
-0.165183,-1.52187,-1.70691,1.64637,10.38,0,-0.227027,0
-0.112812,-1.52234,-1.65586,1.62883,10.41,0,-0.227027,0
-0.0608041,-1.5212,-1.61801,1.64868,10.44,0,-0.227027,0
-0.0207259,-1.52002,-1.59705,1.94535,10.47,-0.537485,-0.0624598,0
0.0321079,-1.51836,-1.5755,2.30038,10.5,-0.646766,-0.0919483,0
0.0852609,-1.51585,-1.55609,1.66967,10.53,-0.492479,-0.496608,0
0.125245,-1.51393,-1.54949,1.90292,10.56,-0.540597,-0.415323,0
0.178505,-1.51048,-1.53643,1.48395,10.59,0.180063,-0.810069,-0
0.218035,-1.50685,-1.51089,1.47108,10.62,0.199895,-0.765213,-0
0.27008,-1.49907,-1.46498,1.63067,10.65,-0.242293,-0.846033,0
0.321531,-1.48805,-1.41732,1.65529,10.68,-0.375506,-0.742515,0
0.35953,-1.47812,-1.37905,2.18002,10.71,-0.6236,-0.243064,0
0.409011,-1.46268,-1.33098,1.86298,10.74,-0.53798,-0.202143,0
0.458245,-1.44494,-1.28799,1.64152,10.77,0,-0.227027,0
0.494902,-1.43038,-1.26292,1.47017,10.8,0,-0.227027,0
0.544147,-1.41072,-1.24013,1.87455,10.83,-0.539556,-0.182597,0
0.581273,-1.39551,-1.2272,3.36869,10.86,-1.15693,-0.23693,0
0.630672,-1.37554,-1.21228,1.90287,10.89,-0.53606,-0.439247,0
0.679841,-1.3551,-1.19765,1.66555,10.92,-0.287427,-0.799569,0
0.728484,-1.33422,-1.18158,1.90158,10.95,-0.464547,-0.608719,0
0.764561,-1.31723,-1.15675,1.88294,10.98,-0.433874,-0.65994,0
0.787851,-1.305,-1.1379,1.4613,11.01,0.164557,-0.746452,-0
0.844687,-1.27163,-1.08214,1.64033,11.04,-0.188249,-0.839702,0
0.887877,-1.24187,-1.03123,1.4553,11.07,0.243569,-0.760848,-0
0.929394,-1.21008,-0.982047,1.63018,11.1,-0.291541,-0.815739,0
0.959193,-1.18505,-0.944993,1.87784,11.13,-0.533235,-0.404988,0
0.997291,-1.14961,-0.892382,6.53991,11.16,-3.08997,-0.331989,0
1.0248,-1.12252,-0.860739,6.46508,11.19,-3.05149,-0.315957,0
1.06062,-1.08481,-0.825518,1.86392,11.22,-0.537871,-0.169679,0
1.09624,-1.04666,-0.801689,1.90077,11.25,-0.544622,-0.203502,0
1.12289,-1.01831,-0.791658,0.772437,11.28,0.654051,-0.080213,-0
1.14977,-0.989588,-0.782472,1.47006,11.31,0.231435,-0.718894,-0
1.19417,-0.940443,-0.761822,7.94931,11.34,-3.80912,-1,0
1.22093,-0.9107,-0.751612,3.37772,11.37,-1.00937,-0.530077,0
1.25546,-0.870021,-0.719673,1.65293,11.4,-0.184667,-0.832628,0
1.28655,-0.827453,-0.671864,1.64554,11.43,-0.205684,-0.832938,0
1.30855,-0.794807,-0.640226,1.63307,11.46,-0.170645,-0.843681,0
1.33508,-0.749632,-0.591667,1.63214,11.49,-0.212224,-0.843815,0
1.35926,-0.70367,-0.54559,1.59233,11.52,0,-0.227027,0
1.37543,-0.6681,-0.505338,1.63632,11.55,-0.305325,-0.828895,0
1.39514,-0.61975,-0.457095,1.62691,11.58,0,-0.227027,0
1.41335,-0.570879,-0.421779,4.32445,11.61,-1.78601,-0.231581,0
1.4264,-0.533826,-0.399093,2.62021,11.64,-0.764606,-0.189242,0
1.44338,-0.484781,-0.372565,2.18072,11.67,-0.620615,-0.238715,0
1.45522,-0.448395,-0.352773,1.5701,11.7,0,-0.227027,0
1.47008,-0.399135,-0.332185,1.82604,11.73,-0.489251,-0.558568,0
1.48071,-0.362023,-0.318526,1.5791,11.76,0,-0.227027,0
1.49067,-0.324653,-0.302205,0.676131,11.79,0.751818,-0.149004,-0
1.50451,-0.261805,-0.252794,3.21359,11.82,-0.967256,-0.412177,0
1.51298,-0.210279,-0.22119,1.6208,11.85,-0.169946,-0.855138,0
1.51865,-0.172102,-0.200381,1.59157,11.88,-0.0750959,-0.848808,-0
1.52503,-0.120806,-0.16633,1.43331,11.91,0.247118,-0.706706,-0
1.5285,-0.0697413,-0.119453,1.83273,11.94,-0.461109,-0.611725,0
1.52874,-0.0309841,-0.0842194,1.85228,11.97,-0.485243,-0.587081,0
1.52708,0.0204454,-0.0390001,1.83459,12,-0.512726,-0.514562,0
1.52326,0.0723387,-0.00101397,1.87336,12.03,-0.539186,-0.412552,0
1.52017,0.11136,0.0182175,1.61505,12.06,0,-0.227027,0
1.51506,0.163545,0.0472242,1.47605,12.09,0.239705,-0.728134,-0
1.51093,0.202673,0.0651318,0.863611,12.12,0.649321,-0.161912,-0
1.50412,0.255089,0.0903266,1.66997,12.15,-0.247556,-0.822089,0
1.49567,0.307064,0.117579,1.63134,12.18,-0.167572,-0.846069,-0
1.48853,0.346547,0.136583,1.70244,12.21,-0.249159,-0.807082,0
1.47696,0.397737,0.177444,1.63174,12.24,-0.15441,-0.842354,-0
1.46226,0.448215,0.223221,1.8971,12.27,-0.492471,-0.572414,0
1.44945,0.484839,0.264337,1.63408,12.3,0,-0.227027,0
1.4297,0.532914,0.317485,1.90992,12.33,-0.558539,-0.369271,0
1.40778,0.580044,0.361247,1.65196,12.36,-0.493643,-0.702043,0
1.39048,0.615579,0.383937,1.64267,12.39,0,-0.227027,0
1.36737,0.662171,0.410975,6.56894,12.42,-3.10324,-0.492365,0
1.3431,0.708782,0.436178,1.62368,12.45,0,-0.227027,0
1.32475,0.74292,0.454181,1.82821,12.48,-0.50734,-0.561215,0
1.29894,0.788502,0.476416,1.87083,12.51,-0.503429,-0.561449,0
1.27248,0.834119,0.501163,1.6641,12.54,-0.260568,-0.822382,0
1.25162,0.868302,0.512758,1.19682,12.57,0.46617,-0.401031,-0
1.22322,0.911108,0.546632,1.54943,12.6,0,-0.227027,0
1.20017,0.944984,0.576169,2.72152,12.63,-0.765911,-0.487855,0
1.16763,0.986201,0.613942,1.96444,12.66,-0.490905,-0.605505,0
1.13303,1.02652,0.655473,1.67862,12.69,-0.26037,-0.813359,0
1.10647,1.05405,0.692226,1.02795,12.72,0.554104,-0.226396,-0
1.069,1.0915,0.739193,1.84583,12.75,-0.501389,-0.556873,0
1.03009,1.12531,0.785592,1.78247,12.78,-0.512798,-0.522542,0
0.999554,1.1497,0.823939,1.60723,12.81,0,-0.227027,0
0.957778,1.1815,0.873513,1.46288,12.84,0.607203,-0.499848,-0
0.914842,1.21077,0.920408,1.8484,12.87,-0.520274,-0.0272014,0
0.881589,1.2316,0.940793,1.6728,12.9,0,-0.227027,0
0.837197,1.26012,0.959178,3.55986,12.93,-1.29328,-0.1513,0
0.814977,1.27426,0.96337,1.65767,12.96,0,-0.227027,0
0.759059,1.31043,0.982696,1.55563,12.99,0,-0.227027,0
0.713655,1.33816,0.989476,1.57352,13.02,0,-0.227027,0
0.679105,1.36045,1.00576,1.48924,13.05,0.131744,-0.76509,-0
0.632858,1.38821,1.02481,1.67584,13.08,-0.179602,-0.823304,-0
0.584922,1.41366,1.0607,1.94115,13.11,-0.427551,-0.684928,0
0.547848,1.43044,1.0939,1.71791,13.14,-0.23495,-0.806382,0
0.49833,1.45097,1.14046,1.68622,13.17,-0.224279,-0.81623,0
0.447627,1.46806,1.19137,1.67103,13.2,-0.249747,-0.815752,0
0.409353,1.4786,1.2284,1.30954,13.23,0.415757,-0.480658,-0
0.357307,1.49073,1.28153,1.67183,13.26,-0.345656,-0.780184,0
0.305411,1.4997,1.32924,1.61687,13.29,0,-0.227027,0
0.266023,1.50543,1.35657,1.64027,13.32,-0.352698,-0.826781,0
0.213367,1.51189,1.39756,1.64,13.35,0,-0.227027,0
0.173738,1.5153,1.41821,1.63502,13.38,0,-0.227027,0
0.120936,1.51901,1.4547,1.66169,13.41,-0.455633,-0.714664,0
0.0675663,1.5213,1.48132,1.65431,13.44,-0.415768,-0.740481,0
0.027895,1.52254,1.49855,1.65306,13.47,-0.322589,-0.82076,0
-0.0248553,1.52371,1.52042,1.629,13.5,-0.226748,-0.856227,0
-0.0772082,1.52255,1.55942,1.63187,13.53,0.0115794,-1,-0
-0.116106,1.51955,-4.68612,1.85771,13.56,-0.53274,-0.458898,0
-0.167647,1.5124,-4.63265,1.64097,13.59,0,-0.227027,0
-0.218288,1.50173,-4.59294,1.61854,13.62,0,-0.227027,0
-0.256336,1.49241,-4.56095,1.87078,13.65,-0.550462,-0.134154,0
-0.307675,1.48022,-4.53699,1.64449,13.68,0,-0.227027,0
-0.358641,1.46715,-4.51593,1.65029,13.71,0,-0.227027,0
-0.397253,1.45733,-4.50167,1.91521,13.74,-0.561607,-0.371479,0
-0.449162,1.44369,-4.47838,1.93379,13.77,-0.552068,-0.411825,0
-0.50043,1.42886,-4.45954,1.91648,13.8,-0.521919,-0.497185,0
-0.538543,1.41638,-4.43546,1.68619,13.83,-0.305872,-0.79292,0
-0.588727,1.39772,-4.39969,1.65883,13.86,-0.275472,-0.814295,0
-0.62559,1.38247,-4.37677,1.3389,13.89,0.392061,-0.535974,-0
-0.673597,1.36084,-4.32988,1.89243,13.92,-0.512992,-0.516432,0
-0.719856,1.33564,-4.28264,1.88585,13.95,-0.53365,-0.41033,0
-0.753617,1.31485,-4.2456,1.84183,13.98,-0.536566,-0.412917,0
-0.797228,1.28648,-4.19952,1.31587,14.01,0.525037,-0.227514,-0
-0.839735,1.25416,-4.16355,2.25371,14.04,-0.639895,-0.119569,0
-0.871988,1.23105,-4.13108,1.63584,14.07,0,-0.227027,0
-0.914641,1.19947,-4.11033,1.72351,14.1,-0.516613,-0.41068,0
-0.946138,1.1746,-4.09358,1.93822,14.13,-0.564955,-0.340938,0
-0.988618,1.14137,-4.06743,1.67126,14.16,-0.393241,-0.726235,0
-1.01942,1.11491,-4.05582,1.69963,14.19,-0.348586,-0.763282,0
-1.05881,1.07895,-4.02263,1.6685,14.22,-0.306509,-0.795377,0
-1.09666,1.04222,-3.97987,1.60382,14.25,0,-0.227027,0
-1.13133,1.0029,-3.93461,1.39833,14.28,0.469696,-0.540801,-0
-1.15563,0.971849,-3.89998,1.64374,14.31,0,-0.227027,0
-1.18024,0.941978,-3.87638,2.57838,14.34,-0.761324,-0.252901,0
-1.22032,0.889132,-3.84153,1.88282,14.37,-0.532123,-0.349,0
-1.24372,0.857353,-3.82176,1.62141,14.4,0,-0.227027,0
-1.27432,0.814644,-3.80306,1.86053,14.43,-0.489805,-0.53829,0
-1.30349,0.770473,-3.78159,1.68984,14.46,-0.314418,-0.762848,0
-1.32487,0.737186,-3.76645,1.6429,14.49,-0.190295,-0.835597,0
-1.3526,0.6919,-3.73865,1.68175,14.52,-0.243519,-0.808029,0
-1.37741,0.64521,-3.6901,3.32734,14.55,-1.0556,-0.468949,0
-1.39345,0.609388,-3.65306,1.61322,14.58,-0.167344,-0.855396,0
-1.4134,0.561241,-3.603,1.57529,14.61,0,-0.227027,0
-1.42684,0.524418,-3.5702,1.62023,14.64,-0.231447,-0.852227,0
-1.44281,0.47558,-3.52226,1.56819,14.67,0,-0.227027,0
-1.45659,0.42401,-3.48458,1.92786,14.7,-0.541895,-0.277826,0
-1.46678,0.38655,-3.45869,1.73037,14.73,-0.479528,-0.529986,0
-1.47863,0.335588,-3.42665,1.63768,14.76,-0.37238,-0.73556,0
-1.48811,0.284253,-3.38353,1.94306,14.79,-0.544219,-0.213888,0
-1.49372,0.245268,-3.35893,1.71124,14.82,-0.488753,-0.490802,0
-1.50116,0.194204,-3.33523,1.81675,14.85,-0.512992,-0.397825,0
-1.50617,0.155928,-3.31005,1.50682,14.88,0,-0.227027,0
-1.51188,0.103069,-3.2891,1.68414,14.91,-0.368176,-0.729134,0
-1.51659,0.0511796,-3.25725,1.61429,14.94,0,-0.227027,0
-1.51907,-0.00186124,-3.22877,1.8965,14.97,-0.507989,-0.474808,0
-1.51946,-0.0422159,-3.20348,1.70563,15,-0.356892,-0.729726,0
-1.51867,-0.094903,-3.17677,1.96372,15.03,-0.518185,-0.504195,0
-1.51721,-0.133817,-3.14517,1.90551,15.06,-0.492082,-0.555685,0
-1.51237,-0.186408,-3.097,1.47512,15.09,0.220324,-0.819894,-0
-1.50496,-0.238242,-3.0585,1.87795,15.12,-0.512363,-0.430272,0
-1.50051,-0.264355,-3.03818,1.30392,15.15,0.452371,-0.430155,-0
-1.48628,-0.328727,-2.97668,1.68042,15.18,-0.454534,-0.546147,0
-1.47186,-0.379494,-2.93029,1.89578,15.21,-0.519099,-0.153898,0
-1.45965,-0.417378,-2.90117,1.64757,15.24,-0.548978,-0.513131,0
-1.44289,-0.46765,-2.87542,1.68872,15.27,-0.480522,-0.385034,0
-1.4302,-0.505064,-2.85629,1.321,15.3,0.52185,-0.314356,-0
-1.41207,-0.55404,-2.82646,2.15766,15.33,-0.611532,-0.231647,0
-1.39225,-0.603468,-2.80494,3.26854,15.36,-1.10659,-0.284945,0
-1.37206,-0.651954,-2.78119,1.8812,15.39,-0.509189,-0.432208,0
-1.35621,-0.68765,-2.76109,1.84185,15.42,-0.475773,-0.551789,0
-1.33373,-0.735012,-2.73468,1.70672,15.45,-0.348002,-0.726059,0
-1.31518,-0.769788,-2.7021,1.85965,15.48,-0.472854,-0.573555,0
-1.28832,-0.815202,-2.65785,1.34366,15.51,0.449418,-0.527748,-0
-1.25971,-0.85822,-2.61256,1.851,15.54,-0.506748,-0.408695,0
-1.2367,-0.889883,-2.57879,1.43492,15.57,0.392836,-0.668049,-0
-1.20438,-0.930781,-2.54211,1.82642,15.6,-0.511788,-0.370122,0
-1.17974,-0.961417,-2.51473,0.822753,15.63,0.643225,-0.0891236,-0
-1.14656,-1.00136,-2.4906,1.62817,15.66,-0.295534,-0.816081,0
-1.11168,-1.04094,-2.46215,1.48151,15.69,0,-0.227027,0
-1.07639,-1.07981,-2.43699,1.87673,15.72,-0.500506,-0.472647,0
-1.04846,-1.10791,-2.40881,1.64734,15.75,-0.281827,-0.805281,0
-1.01048,-1.14386,-2.37429,1.63066,15.78,-0.260652,-0.818408,0
-0.970546,-1.17806,-2.33274,1.83909,15.81,-0.495242,-0.445625,0
-0.93971,-1.20213,-2.2982,1.79593,15.84,-0.488893,-0.484597,0
-0.897067,-1.23208,-2.24545,1.9383,15.87,-0.538865,-0.211525,0
-0.864696,-1.25247,-2.20806,1.83445,15.9,-0.525205,-0.207896,0
-0.820203,-1.27817,-2.1727,6.51599,15.93,-3.08534,-0.223018,0
-0.775098,-1.30401,-2.14965,1.47615,15.96,0,-0.227027,0
-0.741075,-1.323,-2.13023,1.55866,15.99,0,-0.227027,0
-0.695759,-1.34722,-2.11475,2.27114,16.02,-0.649654,-0.275785,0
-0.649142,-1.37189,-2.09522,1.96268,16.05,-0.54072,-0.423624,0
-0.616483,-1.3874,-2.07808,1.70114,16.08,-0.331239,-0.766156,0
-0.568616,-1.41138,-2.05706,1.46825,16.11,0.174836,-0.797527,-0
-0.52116,-1.43133,-2.01777,1.28205,16.14,0.452624,-0.491723,-0
-0.481377,-1.4479,-1.98176,1.6442,16.17,0,-0.227027,0
-0.431938,-1.46364,-1.93559,1.59136,16.2,0,-0.227027,0
-0.393633,-1.47497,-1.90988,1.60041,16.23,0,-0.227027,0
-0.342267,-1.48932,-1.88286,1.4607,16.26,0,-0.227027,0
-0.290404,-1.5013,-1.84986,1.6634,16.29,-0.283434,-0.793413,0
-0.251644,-1.50993,-1.82832,1.64262,16.32,-0.20779,-0.835651,0
-0.199017,-1.52023,-1.80396,1.65666,16.35,-0.219409,-0.823897,0
-0.146499,-1.52794,-1.76219,1.67902,16.38,-0.279818,-0.78797,0
-0.106938,-1.53198,-1.72956,1.42969,16.41,0.257275,-0.736953,-0
-0.0541786,-1.53454,-1.67814,1.64412,16.44,-0.277764,-0.80654,0
-0.00215573,-1.53456,-1.63096,6.3562,16.47,-2.94446,-0.567906,0
0.0371374,-1.53276,-1.59489,1.62636,16.5,-0.326225,-0.807972,0
0.0758846,-1.52947,-1.56061,0.668788,16.53,0.68934,-0.057802,-0
0.127242,-1.52373,-1.51825,1.61338,16.56,0,-0.227027,0
0.178919,-1.51524,-1.4736,1.63218,16.59,0,-0.227027,0
0.229855,-1.50557,-1.44074,1.62576,16.62,0,-0.227027,0
0.268289,-1.49789,-1.42787,1.64798,16.65,-0.49057,-0.625022,0
0.320349,-1.48744,-1.40921,1.89848,16.68,-0.542777,-0.317035,0
0.372168,-1.47678,-1.39242,1.64663,16.71,-0.329026,-0.777471,0
0.410808,-1.46784,-1.37466,1.66,16.74,-0.289718,-0.807111,0
0.461815,-1.45499,-1.34969,1.45913,16.77,0.222869,-0.775683,-0
0.512024,-1.43939,-1.30681,1.64015,16.8,-0.269787,-0.814987,0
0.548658,-1.42577,-1.26993,1.62078,16.83,-0.230567,-0.857074,0
0.596235,-1.40487,-1.21911,1.61001,16.86,0,-0.227027,0
0.642349,-1.38127,-1.16629,1.61245,16.89,0,-0.227027,0
0.676233,-1.36181,-1.12984,1.62671,16.92,0,-0.227027,0
0.721172,-1.33523,-1.09874,1.62692,16.95,0,-0.227027,0
0.766375,-1.30798,-1.07803,1.65149,16.98,-0.59414,-0.47353,0
0.80059,-1.28763,-1.06495,1.89483,17.01,-0.547673,-0.304537,0
0.846257,-1.26017,-1.05553,1.66362,17.04,-0.339139,-0.765072,0
0.88021,-1.23948,-1.044,1.64785,17.07,-0.227547,-0.833404,0
0.924652,-1.21049,-1.01708,1.88161,17.1,-0.462815,-0.610968,0
0.967379,-1.1797,-0.977645,1.88553,17.13,-0.476966,-0.573774,0
0.997639,-1.15457,-0.940357,1.85898,17.16,-0.475206,-0.582591,0
1.03623,-1.11937,-0.892122,1.87458,17.19,-0.513939,-0.467689,0
1.07258,-1.0825,-0.842112,1.8493,17.22,-0.523809,-0.341684,0
1.09814,-1.05406,-0.808993,1.59081,17.25,0,-0.227027,0
1.13235,-1.01475,-0.775939,2.16483,17.28,-0.61414,-0.20229,0
1.16618,-0.97455,-0.751967,1.89129,17.31,-0.537068,-0.32402,0
1.1917,-0.944489,-0.737837,1.64582,17.34,-0.302678,-0.81555,0
1.22493,-0.903823,-0.716297,1.89306,17.37,-0.505913,-0.515312,0
1.25631,-0.862001,-0.675659,1.84466,17.4,-0.496126,-0.499841,0
1.27767,-0.82982,-0.637192,1.61497,17.43,0,-0.227027,0
1.30356,-0.785202,-0.587953,1.61651,17.46,0,-0.227027,0
1.32171,-0.750731,-0.55726,1.85553,17.49,-0.546614,-0.32389,0
1.34591,-0.704172,-0.531596,1.6486,17.52,0,-0.227027,0
1.36961,-0.657271,-0.508374,1.65554,17.55,0,-0.227027,0
1.38687,-0.621274,-0.489406,1.45035,17.58,0.298408,-0.697421,-0
1.40974,-0.572952,-0.471288,1.67425,17.61,-0.296965,-0.794833,0
1.43157,-0.523971,-0.450015,1.65971,17.64,-0.244194,-0.817302,0
1.44666,-0.486837,-0.42613,1.90275,17.67,-0.456444,-0.631917,0
1.46441,-0.436908,-0.382194,1.91076,17.7,-0.483195,-0.576206,0
1.47546,-0.398923,-0.344369,1.8837,17.73,-0.482322,-0.580624,0
1.48795,-0.347592,-0.300745,1.65698,17.76,-0.295204,-0.805299,0
1.49842,-0.295857,-0.256999,2.6188,17.79,-0.759597,-0.272419,0
1.50457,-0.257001,-0.227327,1.87993,17.82,-0.526686,-0.448728,0
1.5104,-0.205131,-0.180435,1.49229,17.85,0,-0.227027,0
1.513,-0.166374,-0.143271,1.62583,17.88,0,-0.227027,0
1.51438,-0.11484,-0.100005,1.82255,17.91,-0.534466,-0.175126,0
1.51447,-0.0628926,-0.0685579,1.63514,17.94,0,-0.227027,0
1.51424,-0.0109825,-0.0424629,1.63061,17.97,0,-0.227027,0
1.51341,0.0282603,-0.0245028,1.64002,18,0,-0.227027,0
1.51161,0.0810674,-0.00515311,1.64917,18.03,-0.388141,-0.752489,0
1.50913,0.134088,0.0131027,1.65785,18.06,-0.33922,-0.769313,0
1.50651,0.174102,0.0261024,1.67637,18.09,-0.29322,-0.798815,0
1.5015,0.226309,0.0621513,1.62984,18.12,-0.218911,-0.844991,0
1.49532,0.265385,0.0972215,1.88496,18.15,-0.504689,-0.540095,0
1.48456,0.316364,0.147117,1.61454,18.18,0,-0.227027,0
1.47107,0.366822,0.193184,1.45841,18.21,0,-0.227027,0
1.45992,0.404256,0.220613,1.85256,18.24,-0.543901,-0.355156,0
1.4439,0.454914,0.245484,1.64934,18.27,-0.384428,-0.753796,0
1.42744,0.505698,0.275433,1.73519,18.3,-0.474466,-0.536887,0
1.41368,0.542312,0.295901,1.64685,18.33,-0.312141,-0.81256,0
1.39465,0.590614,0.334366,1.82468,18.36,-0.513719,-0.457525,0
1.37281,0.638584,0.371363,6.48681,18.39,-3.07259,-0.521006,0
1.35564,0.67377,0.39815,1.60821,18.42,0,-0.227027,0
1.33136,0.719864,0.432939,4.27221,18.45,-1.69317,-0.337538,0
1.31193,0.753975,0.463169,1.94721,18.48,-0.562875,-0.34827,0
1.28453,0.797827,0.498565,1.6911,18.51,-0.462417,-0.619026,0
1.25588,0.840999,0.527052,1.54816,18.54,0,-0.227027,0
1.23383,0.873911,0.545915,1.85518,18.57,-0.5202,-0.48597,0
1.20366,0.917251,0.574378,6.62237,18.6,-3.12998,-0.7056,0
1.17214,0.958692,0.606463,4.5313,18.63,-1.80933,-0.460618,0
1.1477,0.988998,0.63233,1.72499,18.66,-0.398714,-0.70499,0
1.12287,1.01759,0.656193,1.82132,18.69,-0.459421,-0.633195,0
1.07913,1.06552,0.692034,1.61619,18.72,0,-0.227027,0
1.05222,1.09411,0.717625,1.60798,18.75,0,-0.227027,0
1.01498,1.13053,0.750099,1.89951,18.78,-0.495688,-0.555916,0
0.986593,1.15772,0.771824,2.1894,18.81,-0.595234,-0.486911,0
0.947605,1.19236,0.801749,1.84369,18.84,-0.43067,-0.661184,0
0.907027,1.22545,0.845711,1.63005,18.87,-0.200115,-0.846662,0
0.875743,1.24922,0.88068,1.38286,18.9,0.354759,-0.595504,-0
0.832492,1.27812,0.933417,1.63127,18.93,0,-0.227027,0
0.798837,1.29702,0.962236,1.61397,18.96,0,-0.227027,0
0.752234,1.32396,1.00573,1.65726,18.99,-0.394563,-0.761941,0
0.705428,1.34755,1.0341,1.57009,19.02,0,-0.227027,0
0.669758,1.36588,1.05893,1.63366,19.05,0,-0.227027,0
0.621584,1.3882,1.09158,2.04294,19.08,-0.582269,-0.340666,0
0.573228,1.40987,1.12157,1.65293,19.11,-0.342309,-0.782745,0
0.536088,1.42442,1.14526,1.9062,19.14,-0.529981,-0.476065,0
0.486835,1.44598,1.16129,1.67909,19.17,-0.289995,-0.797425,0
0.436761,1.46439,1.19005,1.64395,19.2,-0.222275,-0.83237,0
0.398488,1.47783,1.20243,1.9465,19.23,-0.462783,-0.634479,0
0.34733,1.49342,1.24114,1.6656,19.26,-0.22165,-0.822262,0
0.295501,1.50629,1.28211,1.66276,19.29,-0.241282,-0.815462,0
0.25634,1.51419,1.31075,1.66419,19.32,-0.226564,-0.822437,0
0.203877,1.52232,1.36144,1.89587,19.35,-0.492328,-0.537624,0
0.151302,1.52797,1.41552,1.87721,19.38,-0.516383,-0.409586,0
0.112147,1.5294,1.45302,2.20798,19.41,-0.622287,-0.257577,0
0.0598897,1.52914,1.50371,1.62683,19.44,0,-0.227027,0
0.0206344,1.52722,1.54151,1.62677,19.47,0,-0.227027,0
-0.0188695,1.5243,-4.71217,6.56829,19.5,0.272008,1,0
-0.0717879,1.52093,-4.69199,1.67926,19.53,-0.540952,-0.50909,0
-0.124885,1.51583,-4.66783,1.65905,19.56,-0.483806,-0.631217,0
-0.177567,1.51179,-4.66581,1.64948,19.59,-0.304822,-0.806001,0
-0.230423,1.50933,-4.66594,1.66986,19.62,-0.24134,-0.814366,0
-0.269533,1.50497,-4.64685,1.65656,19.65,-0.18445,-0.831298,0
-0.321191,1.49717,-4.60898,1.61026,19.68,-0.11999,-0.850092,-0
-0.372185,1.4865,-4.56485,4.3158,19.71,-1.57271,-0.616755,0
-0.409799,1.47603,-4.52673,1.62902,19.74,-0.178858,-0.8478,0
-0.459029,1.46095,-4.47303,1.83716,19.77,-0.490357,-0.53036,0
-0.507432,1.44346,-4.426,1.84147,19.8,-0.517553,-0.408778,0
-0.542789,1.42727,-4.38004,1.88229,19.83,-0.547278,-0.262785,0
-0.589482,1.40522,-4.34848,1.39177,19.86,0.51432,-0.344967,-0
-0.625164,1.38914,-4.317,1.70099,19.89,-0.540961,-0.485991,0
-0.671917,1.36409,-4.29271,1.69073,19.92,-0.506937,-0.554424,0
-0.718676,1.33939,-4.26942,1.62278,19.95,0,-0.227027,0
-0.753565,1.31998,-4.25982,1.46768,19.98,0.257986,-0.725653,-0
-0.788095,1.2998,-4.2422,1.70914,20.01,-0.335608,-0.775685,0
-0.844333,1.26605,-4.19383,1.64095,20.04,-0.290476,-0.820024,0
-0.877129,1.24351,-4.16768,1.81699,20.07,-0.480574,-0.578917,0
-0.919015,1.213,-4.11971,1.84989,20.1,-0.527003,-0.429414,0
-0.929183,1.2047,-4.10628,1.09409,20.13,0.523485,-0.215435,-0
-0.949379,1.18798,-4.08294,6.55904,20.16,-2.9022,-0.812996,0
-1.02442,1.11446,-4.00038,1.89663,20.19,-0.542955,-0.152435,0
-1.05292,1.08687,-3.97862,1.8659,20.22,-0.556817,-0.254855,0
-1.08828,1.04817,-3.95192,1.66238,20.25,-0.495495,-0.620319,0
-1.1231,1.00983,-3.92208,1.8585,20.28,-0.544705,-0.281217,0
-1.14952,0.980739,-3.90965,1.64873,20.31,0,-0.227027,0
-1.18311,0.940104,-3.88616,1.69546,20.34,-0.392543,-0.725212,0
-1.20893,0.910387,-3.87778,1.6464,20.37,0,-0.227027,0
-1.20893,0.910387,-3.87778,1.6464,20.4,0,-0.227027,0
-1.27451,0.825735,-3.82705,6.71796,20.43,-2.95058,-1,0
-1.29794,0.79248,-3.81643,1.74999,20.46,-0.276687,-0.789663,0
-1.32911,0.748884,-3.79056,1.63852,20.49,-0.132339,-0.835991,-0
-1.35062,0.715233,-3.75765,1.6464,20.52,-0.134451,-0.831623,-0
-1.37608,0.668535,-3.70944,1.63711,20.55,-0.144458,-0.837945,-0
-1.39885,0.621351,-3.66204,3.2374,20.58,-0.956672,-0.491866,0
-1.41834,0.573216,-3.60512,1.87706,20.61,-0.48832,-0.545407,0
-1.43076,0.536344,-3.56586,1.91556,20.64,-0.525073,-0.482172,0
-1.44523,0.48688,-3.5141,2.47634,20.67,-0.713926,-0.222759,0
-1.45812,0.437569,-3.4669,1.80528,20.7,-0.526425,-0.254119,0
-1.46573,0.39904,-3.43448,1.59573,20.73,0,-0.227027,0
-1.47405,0.361577,-3.41324,1.02958,20.76,0.56924,-0.0931645,-0
-1.4849,0.310617,-3.3908,1.59402,20.79,0,-0.227027,0
-1.49228,0.271341,-3.37418,2.09608,20.82,-0.606932,-0.34867,0
-1.50386,0.206271,-3.35311,1.80734,20.85,-0.475765,-0.577779,0
-1.51011,0.16682,-3.33944,1.49463,20.88,0.143029,-0.791602,-0
-1.51748,0.114805,-3.31199,1.18028,20.91,0.496007,-0.37191,-0
-1.52235,0.0626259,-3.26592,1.83291,20.94,-0.462281,-0.602672,0
-1.52372,0.0231073,-3.23279,1.88407,20.97,-0.495493,-0.563446,0
-1.5239,-0.0299474,-3.19887,1.57223,21,0,-0.227027,0
-1.52364,-0.0698385,-3.17845,1.11064,21.03,0.527516,-0.293203,-0
-1.5221,-0.110335,-3.15572,2.23004,21.06,-0.602653,-0.501457,0
-1.51658,-0.177181,-3.09852,8.83475,21.09,-4,-1,0
-1.51325,-0.203917,-3.07953,1.66029,21.12,-0.229424,-0.83004,0
-1.50349,-0.26969,-3.03896,1.66996,21.15,-0.300382,-0.797584,0
-1.49243,-0.321528,-2.98778,4.52876,21.18,-1.8802,-0.410587,0
-1.48294,-0.359335,-2.95656,1.61784,21.21,0,-0.227027,0
-1.46769,-0.40924,-2.90982,6.42991,21.24,-3.02066,-0.411609,0
-1.4506,-0.459357,-2.87652,1.66456,21.27,-0.477745,-0.564954,0
-1.43769,-0.496493,-2.85631,1.66378,21.3,-0.42755,-0.71723,0
-1.41989,-0.545735,-2.8363,2.67434,21.33,-0.785184,-0.269127,0
-1.40141,-0.59525,-2.8129,1.66126,21.36,-0.327435,-0.778092,0
-1.38642,-0.632655,-2.80286,1.8923,21.39,-0.477962,-0.594163,0
-1.36619,-0.680847,-2.7722,1.59978,21.42,-0.121891,-0.862801,-0
-1.34905,-0.71602,-2.7397,1.63963,21.45,-0.192872,-0.84207,0
-1.32394,-0.762358,-2.69811,1.66484,21.48,-0.273838,-0.812041,0
-1.29692,-0.80741,-2.6533,1.67765,21.51,-0.348411,-0.757447,0
-1.27525,-0.839683,-2.61416,2.16674,21.54,-0.615252,-0.324084,0
-1.24324,-0.881772,-2.56429,1.7158,21.57,-0.505935,-0.496115,0
-1.21038,-0.921881,-2.52069,1.66164,21.6,0,-0.227027,0
-1.18511,-0.951426,-2.49948,1.34628,21.63,0.506206,-0.265512,-0
-1.15073,-0.991221,-2.47711,1.89337,21.66,-0.5497,-0.312507,0
-1.13314,-1.0112,-2.46317,1.07376,21.69,0.545507,-0.177834,-0
-1.08894,-1.06072,-2.43723,1.48498,21.72,0,-0.227027,0
-1.05233,-1.09988,-2.41955,1.67549,21.75,-0.295911,-0.79514,0
-1.02485,-1.12883,-2.40943,1.66321,21.78,-0.206777,-0.827828,0
-0.987234,-1.16691,-2.38957,1.67686,21.81,-0.206821,-0.822159,0
-0.948332,-1.2032,-2.35373,2.25145,21.84,-0.581867,-0.552541,0
-0.917929,-1.22828,-2.31878,3.43863,21.87,-1.0194,-0.547077,0
-0.876396,-1.25976,-2.27432,1.88544,21.9,-0.442776,-0.643763,0
-0.832809,-1.28957,-2.23441,1.7501,21.93,-0.357435,-0.728666,0
-0.799691,-1.31082,-2.20459,1.87142,21.96,-0.446929,-0.637395,0
-0.7546,-1.33659,-2.15583,1.31596,21.99,0.436663,-0.481174,-0
-0.708382,-1.35859,-2.11512,1.70731,22.02,-0.392799,-0.702131,0
-0.671905,-1.37502,-2.07305,2.5261,22.05,-0.7283,-0.261866,0
-0.624028,-1.39517,-2.04175,1.69296,22.08,-0.429162,-0.677886,0
-0.572773,-1.41701,-1.99818,1.75497,22.11,-0.503083,-0.423845,0
-0.537588,-1.42809,-1.98803,1.32599,22.14,0.460693,-0.406815,-0
-0.486003,-1.448,-1.94261,1.59093,22.17,0,-0.227027,0
-0.44805,-1.4608,-1.92281,1.99894,22.2,-0.5654,-0.381652,0
-0.396514,-1.47627,-1.89551,1.96125,22.23,-0.545928,-0.420392,0
-0.344749,-1.48878,-1.86277,1.89301,22.26,-0.52187,-0.446222,0
-0.305025,-1.49887,-1.84099,1.71464,22.29,-0.376169,-0.727377,0
-0.253091,-1.50865,-1.80994,1.66121,22.32,-0.295094,-0.801133,0
-0.200716,-1.51755,-1.77743,1.91126,22.35,-0.511011,-0.491039,0
-0.161441,-1.52215,-1.74721,1.62635,22.38,-0.213329,-0.852679,0
-0.108785,-1.52615,-1.69747,1.64549,22.41,-0.339266,-0.784901,0
-0.0698668,-1.52686,-1.6612,1.6333,22.44,0,-0.227027,0
-0.01778,-1.52553,-1.60718,1.60064,22.47,0,-0.227027,0
0.0341883,-1.52156,-1.56765,1.63084,22.5,0,-0.227027,0
0.0735136,-1.51807,-1.54533,1.63161,22.53,0,-0.227027,0
0.125927,-1.5126,-1.51728,1.65814,22.56,-0.536205,-0.457937,0
0.1652,-1.50827,-1.49888,1.87293,22.59,-0.557126,-0.294687,0
0.21787,-1.50105,-1.47786,1.90083,22.62,-0.552474,-0.346506,0
0.269521,-1.49302,-1.44582,1.86012,22.65,-0.537625,-0.365068,0
0.321325,-1.48299,-1.42056,1.88799,22.68,-0.535134,-0.382277,0
0.359943,-1.47497,-1.4018,1.45469,22.71,0.288255,-0.713554,-0
0.410619,-1.46186,-1.36413,1.86321,22.74,-0.520593,-0.456924,0
0.448498,-1.45133,-1.34175,1.64409,22.77,-0.265948,-0.836477,0
0.498356,-1.43534,-1.31154,1.64183,22.8,-0.262456,-0.833943,0
0.547283,-1.41769,-1.27351,1.63244,22.83,0,-0.227027,0
0.583584,-1.40296,-1.24218,2.18025,22.86,-0.62101,-0.349174,0
0.631205,-1.3814,-1.1995,1.65533,22.89,-0.375431,-0.766364,0
0.678498,-1.3585,-1.17305,1.6293,22.92,-0.295476,-0.829339,0
0.713861,-1.34111,-1.15644,1.09255,22.95,0.548262,-0.23565,-0
0.760831,-1.31652,-1.12453,1.88457,22.98,-0.506707,-0.521518,0
0.805972,-1.28951,-1.07802,1.86119,23.01,-0.519231,-0.440318,0
0.838899,-1.26797,-1.05046,1.63619,23.04,-0.282873,-0.838063,0
0.881117,-1.2378,-1.00875,1.62625,23.07,0,-0.227027,0
0.912419,-1.21426,-0.982202,1.62716,23.1,0,-0.227027,0
0.953254,-1.18206,-0.946096,1.63112,23.13,0,-0.227027,0
0.992898,-1.14789,-0.909954,2.17489,23.16,-0.621609,-0.238706,0
1.02151,-1.12112,-0.883686,1.62734,23.19,0,-0.227027,0
1.05949,-1.08461,-0.856154,1.88413,23.22,-0.541087,-0.400446,0
1.08761,-1.05705,-0.837812,1.88698,23.25,-0.526454,-0.500203,0
1.12496,-1.01947,-0.814863,1.66879,23.28,-0.294837,-0.80704,0
1.16023,-0.980953,-0.774591,1.63214,23.31,-0.251923,-0.844713,0
1.19331,-0.940545,-0.732931,1.86913,23.34,-0.524178,-0.433753,0
1.21654,-0.90935,-0.698799,1.85594,23.37,-0.531282,-0.440431,0
1.24536,-0.866299,-0.652916,1.62581,23.4,0,-0.227027,0
1.26641,-0.83328,-0.627476,1.64065,23.43,0,-0.227027,0
1.29377,-0.788284,-0.600896,1.88704,23.46,-0.549167,-0.3673,0
1.32098,-0.743112,-0.577037,1.64459,23.49,-0.335472,-0.799582,0
1.3408,-0.709159,-0.561207,1.86228,23.52,-0.500872,-0.552454,0
1.36542,-0.663662,-0.524971,1.61253,23.55,0,-0.227027,0
1.3819,-0.629034,-0.489107,1.81454,23.58,-0.496655,-0.567375,0
1.40128,-0.580797,-0.447553,1.63535,23.61,0,-0.227027,0
1.41935,-0.532304,-0.417033,1.5988,23.64,0,-0.227027,0
1.43655,-0.482532,-0.390216,1.67427,23.67,-0.385848,-0.735543,0
1.44976,-0.44546,-0.372092,1.64726,23.7,0,-0.227027,0
1.46607,-0.394916,-0.349659,1.47468,23.73,0.195141,-0.77666,-0
1.47747,-0.35686,-0.328547,1.63897,23.76,-0.180537,-0.842298,-0
1.4912,-0.305471,-0.29765,1.91648,23.79,-0.477093,-0.608693,0
1.50192,-0.253872,-0.250251,1.62339,23.82,-0.193292,-0.85458,0
1.50779,-0.214769,-0.217776,1.65014,23.85,-0.242384,-0.834514,0
1.5136,-0.162555,-0.175551,1.69837,23.88,-0.375951,-0.738508,0
1.51692,-0.109662,-0.128293,1.88288,23.91,-0.537283,-0.380145,0
1.51775,-0.0702861,-0.0957893,1.65548,23.94,-0.393399,-0.771267,0
1.51691,-0.0179645,-0.0518228,6.5595,23.97,-3.1117,-0.380207,0
1.51529,0.02129,-0.0263936,1.65001,24,-0.446831,-0.757411,0
1.51261,0.0740324,-0.00141239,1.89024,24.03,-0.553671,-0.344437,0
1.50945,0.126276,0.0213377,1.63607,24.06,-0.324224,-0.820331,0
1.50571,0.16552,0.0464471,1.84756,24.09,-0.522073,-0.49748,0
1.4989,0.217312,0.0846234,1.8444,24.12,-0.530366,-0.443113,0
1.48882,0.267789,0.13216,1.80516,24.15,-0.535693,-0.327228,0
1.47918,0.30545,0.170129,1.61201,24.18,0,-0.227027,0
1.46452,0.355006,0.210862,1.62497,24.21,0,-0.227027,0
1.4493,0.405069,0.237753,1.64568,24.24,0,-0.227027,0
1.43721,0.443299,0.254718,1.68485,24.27,-0.5319,-0.538116,0
1.42128,0.49491,0.276801,1.78058,24.3,-0.526094,-0.421879,0
1.40865,0.532258,0.284938,1.80124,24.33,-0.484007,-0.590804,0
1.39086,0.583692,0.300471,1.79924,24.36,-0.430945,-0.661269,0
1.37233,0.632271,0.33035,1.62889,24.39,-0.19173,-0.847021,0
1.357,0.66879,0.353198,1.32549,24.42,0.385143,-0.553614,-0
1.33514,0.71661,0.384257,1.89989,24.45,-0.460748,-0.630576,0
1.31731,0.752711,0.414764,1.33117,24.48,0.369633,-0.570414,-0
1.30479,0.77572,0.432659,6.51972,24.51,-2.80422,-1,0
1.26371,0.843155,0.502217,20.0247,24.54,-4,-1,0
1.2413,0.875552,0.538111,1.8418,24.57,-0.484345,-0.577756,0
1.20949,0.916378,0.586369,1.78424,24.6,-0.495765,-0.528843,0
1.17571,0.95562,0.641881,3.32076,24.63,-1.18557,-0.167591,0
1.14961,0.983272,0.669858,1.53306,24.66,0,-0.227027,0
1.11379,1.0209,0.705152,1.57079,24.69,0,-0.227027,0
1.07783,1.05733,0.725839,1.76852,24.72,-0.526714,-0.377955,0
1.05014,1.08533,0.749861,1.59009,24.75,0,-0.227027,0
1.01322,1.12326,0.759489,3.28869,24.78,-1.06585,-0.350499,0
0.97523,1.16024,0.778008,1.65435,24.81,-0.254476,-0.820792,0
0.946019,1.18674,0.800247,3.27192,24.84,-0.990859,-0.454147,0
0.906029,1.2215,0.828613,1.64526,24.87,-0.195268,-0.836532,0
0.864757,1.25392,0.863551,1.64349,24.9,-0.201827,-0.835436,0
0.833484,1.27666,0.889635,1.38321,24.93,0.304989,-0.658425,-0
0.78951,1.3064,0.943621,1.64094,24.96,-0.227306,-0.83657,0
0.755759,1.32628,0.981092,1.64708,24.99,-0.245126,-0.835883,0
0.709711,1.35077,1.02622,1.61749,25.02,0,-0.227027,0
0.662606,1.37177,1.06912,1.55289,25.05,0,-0.227027,0
0.62608,1.38583,1.10767,1.01341,25.08,0.578989,-0.104922,-0
0.576649,1.40653,1.15277,1.66468,25.11,-0.534391,-0.477244,0
0.526973,1.42383,1.1797,2.21917,25.14,-0.627622,-0.144161,0
0.489685,1.43749,1.19428,1.90557,25.17,-0.554763,-0.342503,0
0.439007,1.45524,1.20951,1.68743,25.2,-0.380179,-0.732881,0
0.388621,1.47248,1.22442,1.92296,25.23,-0.50574,-0.531049,0
0.350259,1.48394,1.24542,1.65396,25.26,-0.219067,-0.830794,0
0.298698,1.49761,1.28341,1.50744,25.29,0,-0.227027,0
0.26012,1.50499,1.31229,2.59314,25.32,-0.734671,-0.428008,0
0.207859,1.51302,1.35889,1.64846,25.35,-0.258748,-0.826647,0
0.154944,1.51969,1.39469,4.38751,25.38,-1.71423,-0.492444,0
0.115476,1.52343,1.42441,1.63428,25.41,-0.230611,-0.846224,0
0.063396,1.52541,1.47031,1.62251,25.44,0,-0.227027,0
0.0106865,1.52611,1.50702,1.89974,25.47,-0.534723,-0.376242,0
-0.0286575,1.52455,1.54082,1.65105,25.5,-0.379818,-0.772703,0
-0.0812178,1.52163,-4.70889,2.61488,25.53,-0.762156,-0.218564,0
-0.120822,1.51918,-4.69248,1.66054,25.56,-0.331943,-0.799748,0
-0.172481,1.51295,-4.64365,1.28949,25.59,0.512013,-0.268514,-0
-0.223652,1.50478,-4.60526,1.61431,25.62,0,-0.227027,0
-0.261318,1.4961,-4.58265,1.43251,25.65,0.425555,-0.521811,-0
-0.313035,1.48535,-4.55789,1.65187,25.68,-0.388457,-0.765671,0
-0.364603,1.47328,-4.53336,1.88864,25.71,-0.535149,-0.407217,0
-0.403125,1.46384,-4.50854,1.66224,25.74,-0.335236,-0.795783,0
-0.440893,1.45317,-4.48218,1.63348,25.77,0,-0.227027,0
-0.502654,1.43236,-4.43324,1.62086,25.8,0,-0.227027,0
-0.538846,1.41783,-4.40228,1.48831,25.83,0,-0.227027,0
-0.587104,1.3985,-4.3846,1.62638,25.86,-0.254833,-0.852596,0
-0.623381,1.38246,-4.36961,2.67223,25.89,-0.779716,-0.377053,0
-0.671533,1.36342,-4.34405,1.88767,25.92,-0.479145,-0.597966,0
-0.719836,1.34212,-4.31813,1.8598,25.95,-0.444273,-0.642052,0
-0.755227,1.32419,-4.30116,1.93163,25.98,-0.451997,-0.654108,0
-0.801383,1.29934,-4.26993,1.85336,26.01,-0.398606,-0.701407,0
-0.846145,1.27214,-4.22337,1.8949,26.04,-0.458065,-0.624994,0
-0.877956,1.24876,-4.18383,1.70026,26.07,-0.300141,-0.789516,0
-0.909856,1.22613,-4.14783,0.727386,26.1,0.698726,-0.130639,-0
-0.959145,1.18359,-4.07551,1.66231,26.13,-0.447604,-0.665081,0
-0.988213,1.15764,-4.03771,1.86124,26.16,-0.551769,-0.279748,0
-1.02458,1.11972,-3.99587,1.86546,26.19,-0.53884,-0.152619,0
-1.05131,1.0913,-3.9657,1.65081,26.22,0,-0.227027,0
-1.08674,1.05169,-3.93711,2.63865,26.25,-0.771574,-0.0933875,0
-1.12275,1.01237,-3.92261,1.94002,26.28,-0.563406,-0.253857,0
-1.14976,0.98197,-3.91219,2.7082,26.31,-0.805508,-0.279669,0
-1.18481,0.942534,-3.90078,1.69416,26.34,-0.325904,-0.777203,0
-1.2188,0.90212,-3.8682,1.66375,26.37,-0.278593,-0.808799,0
-1.2439,0.870974,-3.84887,1.23458,26.4,0.462843,-0.425738,-0
-1.27524,0.827479,-3.82744,1.65497,26.43,-0.199405,-0.83125,0
-1.29859,0.794418,-3.80064,2.67673,26.46,-0.74671,-0.508335,0
-1.3269,0.749351,-3.75503,1.64328,26.49,-0.19061,-0.838332,0
-1.34596,0.714666,-3.72504,1.60758,26.52,-0.108633,-0.848891,-0
-1.36927,0.667104,-3.67418,1.4283,26.55,0.293848,-0.67925,-0
-1.38996,0.61897,-3.6224,1.64978,26.58,-0.334222,-0.796239,0
-1.40757,0.569586,-3.57251,1.90765,26.61,-0.546674,-0.2624,0
-1.42046,0.532589,-3.54561,1.86159,26.64,-0.547111,-0.331598,0
-1.43575,0.481697,-3.50389,1.72418,26.67,-0.525295,-0.351379,0
-1.4469,0.444118,-3.48101,1.64848,26.7,-0.46381,-0.723954,0
-1.4606,0.393025,-3.45377,1.68054,26.73,-0.480906,-0.609118,0
-1.47356,0.341994,-3.43123,1.70346,26.76,-0.45939,-0.605325,0
-1.4855,0.291837,-3.40166,1.82204,26.79,-0.514197,-0.430477,0
-1.49257,0.252627,-3.37512,1.65115,26.82,-0.345227,-0.790596,0
-1.50016,0.201235,-3.33401,1.71388,26.85,-0.475639,-0.559401,0
-1.50398,0.16192,-3.30433,1.86675,26.88,-0.544761,-0.38287,0
-1.50691,0.110815,-3.25802,1.83569,26.91,-0.541897,-0.26467,0
-1.50731,0.0715614,-3.22834,2.21416,26.94,-0.640226,-0.168811,0
-1.50758,0.0327799,-3.20672,0.734981,26.97,0.661186,-0.0586356,-0
-1.50707,-0.0336299,-3.17626,1.64202,27,-0.413536,-0.735776,0
-1.50634,-0.0858491,-3.15699,1.61986,27.03,0,-0.227027,0
-1.50529,-0.125273,-3.14172,1.57881,27.06,0,-0.227027,0
-1.50175,-0.179208,-3.1132,1.89549,27.09,-0.506246,-0.52659,0
-1.49885,-0.218577,-3.09404,2.60915,27.12,-0.749191,-0.42559,0
-1.49375,-0.271434,-3.07913,1.65961,27.15,-0.201054,-0.828618,0
-1.48616,-0.324816,-3.04555,1.69635,27.18,-0.259763,-0.800539,0
-1.47973,-0.363729,-3.0118,1.64195,27.21,-0.171258,-0.838097,0
-1.46698,-0.41589,-2.96554,1.65865,27.24,-0.234254,-0.821756,0
-1.45179,-0.466904,-2.91816,2.67708,27.27,-0.773919,-0.364453,0
-1.43852,-0.504541,-2.88036,1.69114,27.3,-0.352133,-0.74862,0
-1.41937,-0.55322,-2.82584,1.71168,27.33,-0.462498,-0.560649,0
-1.39703,-0.601171,-2.77971,1.61331,27.36,0,-0.227027,0
-1.37926,-0.635687,-2.74018,1.6012,27.39,0,-0.227027,0
-1.35351,-0.682046,-2.70139,1.89061,27.42,-0.513017,-0.0709049,0
-1.33372,-0.716696,-2.68137,1.65608,27.45,-0.562425,-0.455924,0
-1.30768,-0.762777,-2.6645,1.63144,27.48,0,-0.227027,0
-1.28795,-0.797745,-2.65773,1.70875,27.51,-0.411912,-0.693724,0
-1.26189,-0.843755,-2.64479,1.86599,27.54,-0.476022,-0.583522,0
-1.23457,-0.889476,-2.62114,1.23819,27.57,0.473671,-0.451051,-0
-1.21326,-0.922646,-2.59818,1.63349,27.6,-0.166328,-0.842617,0
-1.18221,-0.966029,-2.56203,2.67601,27.63,-0.755441,-0.460478,0
-1.14955,-1.00719,-2.52392,1.66009,27.66,-0.240705,-0.815563,0
-1.12379,-1.03701,-2.49221,1.6456,27.69,-0.20526,-0.834714,0
-1.08877,-1.07512,-2.44709,1.60642,27.72,-0.158153,-0.863659,0
-1.051,-1.1114,-2.39935,1.45281,27.75,0.287847,-0.764752,-0
-1.02172,-1.13682,-2.36046,1.65925,27.78,0,-0.227027,0
-0.981292,-1.169,-2.3116,1.59731,27.81,0,-0.227027,0
-0.938845,-1.19966,-2.2655,1.64005,27.84,-0.588668,-0.498458,0
-0.906345,-1.22173,-2.24444,1.59369,27.87,0,-0.227027,0
-0.863105,-1.2511,-2.21855,1.49501,27.9,0,-0.227027,0
-0.818093,-1.28128,-2.19121,2.05101,27.93,-0.576519,-0.223231,0
-0.784655,-1.30212,-2.17712,2.00738,27.96,-0.567863,-0.352386,0
-0.739548,-1.32939,-2.15444,1.8088,27.99,-0.478269,-0.542038,0
-0.705193,-1.35003,-2.14058,1.66974,28.02,-0.271314,-0.80918,0
-0.660601,-1.37364,-2.11836,4.59054,28.05,-1.7104,-0.63843,0
-0.610251,-1.40054,-2.07433,1.88513,28.08,-0.478338,-0.562914,0
-0.575871,-1.41411,-2.04887,3.11328,28.11,-0.925598,-0.427856,0
-0.524069,-1.43644,-2.00236,2.10165,28.14,-0.575446,-0.420368,0
-0.485689,-1.45004,-1.9681,1.67241,28.17,-0.312822,-0.785352,0
-0.435023,-1.46576,-1.92719,1.3759,28.2,0.424275,-0.55555,-0
-0.383374,-1.4793,-1.88093,6.8856,28.23,-3.25962,-0.55293,0
-0.344783,-1.48709,-1.84562,1.59896,28.26,0,-0.227027,0
-0.291925,-1.49666,-1.80144,1.63044,28.29,-0.44984,-0.600397,0
-0.239638,-1.50364,-1.76113,1.60115,28.32,0,-0.227027,0
-0.200201,-1.50751,-1.73133,1.86709,28.35,-0.521681,-0.137614,0
-0.147924,-1.51097,-1.69779,1.60899,28.38,0,-0.227027,0
-0.0954112,-1.51421,-1.6776,1.59164,28.41,0,-0.227027,0
-0.0560379,-1.51639,-1.66249,2.1845,28.44,-0.621197,-0.223805,0
-0.00306262,-1.51917,-1.64628,1.6651,28.47,-0.365601,-0.722306,0
0.0495706,-1.52141,-1.63198,1.64401,28.5,-0.263676,-0.805371,0
0.0892683,-1.5219,-1.61639,1.47204,28.53,0.162164,-0.809681,-0
0.128765,-1.52096,-1.58804,1.45299,28.56,0.197909,-0.766653,-0
0.194054,-1.51566,-1.53223,1.85292,28.59,-0.474336,-0.538722,0
0.220195,-1.51196,-1.50758,6.62068,28.62,-2.92117,-0.853042,0
0.271986,-1.50349,-1.47029,1.62993,28.65,-0.215199,-0.846906,0
0.323361,-1.4937,-1.43557,1.63113,28.68,-0.233124,-0.839528,0
0.373709,-1.48221,-1.39315,6.43229,28.71,-2.9897,-0.670808,0
0.41087,-1.47157,-1.35997,1.29485,28.74,0.48356,-0.381086,-0
0.459666,-1.45602,-1.31974,6.3582,28.77,-2.96422,-0.550059,0
0.508257,-1.43813,-1.28337,1.62722,28.8,0,-0.227027,0
0.55552,-1.41957,-1.25106,1.40706,28.83,0.476888,-0.537116,-0
0.590555,-1.40483,-1.22868,2.11404,28.86,-0.600263,-0.301945,0
0.637238,-1.38492,-1.20509,1.60249,28.89,0,-0.227027,0
0.683804,-1.36328,-1.17557,1.84451,28.92,-0.499869,-0.495149,0
0.718609,-1.34645,-1.15857,1.6239,28.95,-0.191049,-0.855493,0
0.765377,-1.3229,-1.13842,3.28113,28.98,-0.986919,-0.443116,0
0.811236,-1.29826,-1.11239,1.86903,29.01,-0.439436,-0.641268,0
0.844914,-1.27853,-1.08817,1.85098,29.04,-0.405965,-0.690245,0
0.888858,-1.25112,-1.05527,1.61415,29.07,-0.124643,-0.848427,-0
0.920725,-1.22921,-1.02269,1.60722,29.1,-0.100056,-0.844478,-0
0.951558,-1.20635,-0.987965,1.59456,29.13,-0.0655098,-0.835174,-0
1.00084,-1.16536,-0.931129,1.5953,29.16,0,-0.227027,0
1.02879,-1.13927,-0.8933,1.58853,29.19,0,-0.227027,0
1.06413,-1.10269,-0.841727,1.60414,29.22,0,-0.227027,0
1.09891,-1.06477,-0.808903,1.8545,29.25,-0.538022,-0.389272,0
1.12498,-1.03581,-0.791298,1.61623,29.28,0,-0.227027,0
1.16014,-0.997093,-0.773557,1.62849,29.31,-0.200015,-0.855922,-0
1.18667,-0.967293,-0.759206,1.66007,29.34,-0.208022,-0.829056,-0
1.22144,-0.927933,-0.740992,1.6466,29.37,-0.160728,-0.83281,-0
1.25428,-0.886562,-0.703798,1.6429,29.4,-0.167392,-0.836546,-0
1.2844,-0.843766,-0.655832,1.88873,29.43,-0.475282,-0.594919,0
1.30503,-0.810402,-0.617052,1.61269,29.46,0,-0.227027,0
1.32947,-0.764808,-0.566362,1.63864,29.49,0,-0.227027,0
1.34675,-0.729727,-0.531221,1.63464,29.52,0,-0.227027,0
1.36894,-0.682545,-0.498509,1.65115,29.55,0,-0.227027,0
1.39044,-0.634533,-0.469193,1.65846,29.58,0,-0.227027,0
1.40627,-0.598222,-0.452176,1.90491,29.61,-0.534303,-0.499644,0
1.42683,-0.54899,-0.428936,1.66113,29.64,-0.266668,-0.826491,0
1.44169,-0.511632,-0.415316,1.6648,29.67,-0.208867,-0.825705,-0
1.46083,-0.461544,-0.386709,1.49506,29.7,0.136208,-0.766255,-0
1.47631,-0.4108,-0.344305,1.6743,29.73,-0.256879,-0.816766,0
1.48897,-0.359838,-0.298375,1.63866,29.76,-0.236852,-0.845613,0
1.4965,-0.321148,-0.26338,1.64626,29.79,-0.256177,-0.842398,0
1.50393,-0.269175,-0.209795,1.61929,29.82,0,-0.227027,0
1.50671,-0.243781,-0.190458,1.82656,29.85,-0.538957,-0.535014,0
1.51084,-0.177939,-0.132005,2.64365,29.88,-0.77096,-0.110226,0
1.51249,-0.125852,-0.0938799,1.61062,29.91,0,-0.227027,0
1.5126,-0.0870013,-0.0680506,1.61281,29.94,0,-0.227027,0
1.5121,-0.0348759,-0.0443626,1.63979,29.97,0,-0.227027,0
1.51119,0.0172468,-0.0262025,1.63468,30,0,-0.227027,0
1.51069,0.0565779,-0.0182604,1.64617,30.03,0,-0.227027,0
1.50974,0.109249,-0.00674926,1.87413,30.06,-0.488183,-0.601978,0
1.50811,0.162525,0.00610652,1.67809,30.09,-0.227977,-0.820136,0
1.50629,0.202461,0.015709,1.67016,30.12,-0.165491,-0.822661,-0
1.50276,0.25595,0.0426508,1.20771,30.15,0.425147,-0.500374,-0
1.49958,0.28226,0.0646694,0.609124,30.18,0.809159,-0.189275,-0
1.48833,0.347494,0.121708,2.67944,30.21,-0.731752,-0.54378,0
1.47658,0.398909,0.163372,1.63671,30.24,-0.143669,-0.836495,-0
1.46631,0.436478,0.201634,1.84792,30.27,-0.404795,-0.702097,0
1.45043,0.485552,0.244867,1.29651,30.3,0.411358,-0.474438,-0
1.43686,0.522402,0.281111,1.67073,30.33,-0.231515,-0.82239,-0
1.41662,0.569941,0.328789,6.5252,30.36,-3.02891,-0.744338,0
1.40009,0.60518,0.363947,1.44045,30.39,0.307074,-0.561615,-0
1.36984,0.662113,0.425204,1.60882,30.42,0,-0.227027,0
1.35012,0.695838,0.448228,1.83802,30.45,-0.571039,-0.369061,0
1.32359,0.740136,0.481407,1.63732,30.48,0,-0.227027,0
1.30301,0.77411,0.500645,1.63965,30.51,0,-0.227027,0
1.27478,0.818733,0.524015,1.50872,30.54,0,-0.227027,0
1.2458,0.862796,0.545622,1.8874,30.57,-0.534893,-0.501834,0
1.21584,0.907211,0.564681,1.90594,30.6,-0.511864,-0.550735,0
