1.50615,0.0293772,0.0588221,0,0.0308426,-0.0210579,-0,-0.0163453

1.50599,0.030437,0.0585215,0.139529,0.0606919,0.0455942,0.00806031,0.0282831

1.50567,0.0376168,0.059323,0.337515,0.0918563,0.15211,0.0605516,0.0635909

1.50499,0.0467276,0.057301,0.396544,0.123752,0.263499,0.113109,0.0554284

1.50431,0.0621053,0.055964,0.567576,0.154803,0.408916,0.217783,-0.0398668

1.50326,0.0820589,0.0521089,0.774845,0.181657,0.489687,0.268342,-0.248521

1.50267,0.0989093,0.0455913,0.751493,0.207367,0.568189,0.256586,-0.422314

1.50258,0.124134,0.0358435,0.813078,0.222696,0.554388,0.200154,-0.497065

1.50298,0.145049,0.0297912,0.888809,0.237178,0.522767,0.105585,-0.642898

1.50246,0.1754,0.0310623,1.10351,0.246433,0.315062,-0.185904,-0.777147

1.50229,0.20804,0.0207102,1.20227,0.254048,0.196317,-0.358887,-0.745943

1.50203,0.234099,0.0185095,1.27114,0.261202,0.119323,-0.453286,-0.691741

1.5009,0.270948,0.0200451,1.20691,0.269863,0.217704,-0.427288,-0.732008

1.49999,0.299397,0.0248358,1.20984,0.277624,0.230617,-0.455603,-0.723524

1.49732,0.338364,0.0434698,1.22503,0.292155,0.230971,-0.490243,-0.706578

1.49272,0.378615,0.0666153,1.4688,0.303265,-0.0273818,-0.62853,-0.485791

1.48848,0.409361,0.0849911,1.48602,0.315593,-0.0365045,-0.64263,-0.465305

1.48117,0.45073,0.116364,1.31279,0.336105,0.164284,-0.611435,-0.61167

1.47198,0.491976,0.149589,1.32246,0.349414,0.202621,-0.636135,-0.583527

1.46166,0.534107,0.172018,1.65654,0.364019,-0.111342,-0.672097,-0.32346

1.45358,0.566261,0.191418,1.58138,0.380923,-0.0866413,-0.698802,-0.351385

1.44164,0.608452,0.22756,1.82495,0.399853,-0.143264,-0.655769,-0.250911

1.43057,0.640523,0.257041,1.3925,0.41993,0.151667,-0.762562,-0.440007

1.41459,0.682881,0.291292,1.49241,0.438865,-0.0108613,-0.777569,-0.337468

1.40113,0.714806,0.322937,2.33272,0.462572,-0.145942,-0.599058,-0.173655

1.38161,0.756163,0.365505,1.3643,0.487519,0.419373,-0.736151,-0.336972

1.35996,0.796975,0.412157,1.44963,0.509087,0.154038,-0.824895,-0.264654

1.34269,0.827122,0.443052,1.64082,0.531337,-0.125868,-0.719698,-0.248851

1.31793,0.866995,0.489135,1.29038,0.55508,0.375275,0.139992,0.164217

1.29111,0.905355,0.539112,1.48654,0.582688,0.173738,-0.819496,-0.107963

1.26213,0.942221,0.585143,1.73105,0.609917,-0.177492,-0.680106,-0.186896

1.23913,0.969252,0.613766,1.4349,0.638174,0.612136,-0.386164,0.0337751

1.20857,1.00565,0.646065,1.44472,0.664964,0.591559,-0.384226,0.104443

1.18438,1.03174,0.677563,1.14099,0.691388,0.166955,0.171428,0.104041

1.15021,1.06771,0.720516,1.52711,0.719208,0.0879949,-0.756253,-0.18032

1.11464,1.10003,0.767191,1.45951,0.746041,0.323291,0.127675,0.195006

1.08735,1.12496,0.794717,1.23971,0.775674,0.163782,0.192002,0.101369

1.04971,1.15518,0.839079,1.58152,0.802875,0,-0.227027,0

1.01023,1.18468,0.866584,3.05976,0.832121,-0.122823,-0.518332,-0.109935

0.981037,1.20647,0.86402,1.46869,0.858738,0.542927,-0.385026,-0.240972

0.941869,1.23839,0.874764,1.78505,0.885771,-0.178882,-0.632425,-0.219269

0.902636,1.26983,0.885597,1.58652,0.911913,-0.0966896,-0.728426,-0.236109

0.872772,1.29212,0.916954,1.52689,0.939217,0.0146499,-0.743551,-0.281423

0.831779,1.31891,0.947744,1.57001,0.961648,-0.0739642,-0.755523,-0.193408

0.799971,1.34027,0.962278,2.50419,0.988974,-0.149323,-0.569821,-0.146942

0.758318,1.3667,0.970662,1.46129,1.01517,0.244271,-0.809724,-0.162494

0.714831,1.39298,1.0132,1.66826,1.04245,-0.155657,-0.714059,-0.194024

0.681433,1.4102,1.04533,1.57964,1.06677,-0.0901027,-0.763548,-0.18401

0.647318,1.42595,1.08016,1.75369,1.09222,-0.177408,-0.667111,-0.199945

0.601229,1.44468,1.12607,2.29723,1.12025,-0.170071,-0.593019,-0.159748

0.554267,1.46102,1.17445,1.3442,1.14688,0.167838,0.187352,0.155018

0.506761,1.47561,1.2157,1.38991,1.18011,0.183899,0.192466,0.162498

0.459103,1.48955,1.23888,1.55112,1.21007,0,-0.227027,0

0.423289,1.5002,1.24891,1.53928,1.24007,0,-0.227027,0

0.386738,1.51039,1.26461,1.57342,1.26635,-0.0767576,-0.719175,-0.261336

0.325685,1.52612,1.29019,1.79814,1.29373,-0.187396,-0.661215,-0.183866

0.288589,1.53486,1.3158,1.58847,1.31854,-0.102736,-0.755344,-0.175923

0.239425,1.54303,1.34941,1.75921,1.34457,-0.190248,-0.677674,-0.170567

0.201926,1.54928,1.37141,1.80568,1.3702,-0.188406,-0.661086,-0.180913

0.152562,1.55474,1.41274,1.55036,1.39829,-0.0207417,-0.804658,-0.0305301

0.102911,1.55805,1.45966,1.78894,1.42525,-0.210386,-0.666124,-0.14357

0.0661988,1.55834,1.49374,1.54301,1.45391,0,-0.227027,0

0.0174341,1.55613,1.54192,2.45807,1.48384,-0.165079,-0.570997,-0.14251

-0.0315132,1.55285,-4.7085,3.09668,1.50341,-0.127896,-0.53297,-0.103093

-0.0683657,1.54996,-4.69515,1.755,1.53255,-0.222224,-0.658902,-0.138925

-0.117677,1.5477,-4.69144,1.37872,1.55974,0.18787,0.182105,0.193732

-0.166677,1.54387,-4.66239,2.47687,1.59134,-0.161534,-0.57991,-0.140129

-0.202929,1.5392,-4.63294,1.52367,1.61994,0,-0.227027,0

-0.251732,1.53218,-4.61717,1.25872,1.64803,0.178241,0.180647,0.137975

-0.300621,1.52562,-4.61067,1.78885,1.67606,-0.185356,-0.674355,-0.179494

-0.337292,1.52055,-4.60179,1.54684,1.70131,-0.0501158,-0.797324,-0.180394

-0.38606,1.5126,-4.58177,1.78718,1.72646,-0.178074,-0.690292,-0.180392

-0.422399,1.50481,-4.54935,1.55873,1.75188,-0.0688388,-0.801044,-0.16047

-0.469658,1.49164,-4.4959,1.53847,1.77894,-0.0106296,-0.829258,-0.0311933

-0.504186,1.47999,-4.46249,3.05896,1.81204,-0.120483,-0.535213,-0.110823

-0.549341,1.46245,-4.41687,1.53416,1.83749,0.0225342,-0.810317,-0.0764142

-0.593894,1.44389,-4.37692,1.95982,1.86613,-0.192348,-0.624633,-0.167265

-0.637487,1.42331,-4.34347,1.4665,1.89446,0,-0.227027,0

-0.66985,1.40674,-4.30893,2.00553,1.926,-0.184832,-0.602746,-0.17693

-0.713193,1.3829,-4.27823,1.58361,1.9528,0,-0.227027,0

-0.755827,1.3584,-4.26046,1.53042,1.9806,0,-0.227027,0

-0.788903,1.34126,-4.25671,2.14433,2.00984,-0.168644,-0.594031,-0.16851

-0.831794,1.31644,-4.2369,1.50186,2.03368,0.0931777,-0.821964,-0.140813

-0.863865,1.29755,-4.20914,1.5146,2.05827,0.043476,-0.806831,-0.179351

-0.905285,1.2699,-4.17949,1.72877,2.08337,-0.177387,-0.692216,-0.182552

-0.945118,1.24122,-4.12599,1.38552,2.11125,0.258081,0.15749,0.22564

-0.973214,1.21746,-4.09177,2.04667,2.14374,-0.180935,-0.603422,-0.171933

-1.00991,1.18472,-4.06311,1.56768,2.17023,0,-0.227027,0

-1.04857,1.15284,-4.06151,1.59164,2.20153,-0.105238,-0.748593,-0.206882

-1.07769,1.12958,-4.06154,1.72963,2.22617,-0.159963,-0.687095,-0.218446

-1.11698,1.09795,-4.05999,1.75607,2.2501,-0.162998,-0.702429,-0.202543

-1.15652,1.06629,-4.04638,1.60976,2.27645,-0.117309,-0.783898,-0.196826

-1.18474,1.04158,-4.01914,1.59414,2.30067,-0.106276,-0.792075,-0.201165

-1.22079,1.007,-3.9784,1.52778,2.32516,-0.0325541,-0.861018,-0.111759

-1.24539,0.978524,-3.93526,1.58712,2.3509,-0.101496,-0.8066,-0.150098

-1.2766,0.940756,-3.89034,1.5586,2.37699,-0.065662,-0.837591,-0.0625937

-1.30501,0.900484,-3.8422,1.78957,2.4055,-0.189016,-0.707432,-0.142612

-1.32505,0.869075,-3.80137,1.56459,2.43515,-0.0651683,-0.811081,-0.0710514

-1.35017,0.828341,-3.75925,2.06508,2.46447,-0.183386,-0.626021,-0.154767

-1.37308,0.78485,-3.70855,1.53231,2.49023,0.0954274,-0.681673,0.328272

-1.3884,0.750805,-3.66571,1.85412,2.52334,-0.197916,-0.638419,-0.168457

-1.40779,0.706352,-3.62443,1.81734,2.55761,-0.195284,-0.632583,-0.183779

-1.41772,0.685086,-3.60279,5.81608,2.58318,-0.0553149,-0.436919,-0.0485565

-1.43761,0.626689,-3.54837,1.48029,2.61049,0.269096,0.136889,0.194711

-1.45214,0.580121,-3.49952,1.53187,2.63865,0,-0.227027,0

-1.46461,0.533126,-3.46571,1.53283,2.66865,0,-0.227027,0

-1.47268,0.496861,-3.43616,1.81683,2.69865,-0.214845,-0.584729,-0.20386

-1.48024,0.460512,-3.40937,12.4389,2.72178,-0.0230841,-0.380953,-0.0195237

-1.4899,0.412113,-3.38451,1.49273,2.75067,0,-0.227027,0

-1.49826,0.36278,-3.35789,1.69331,2.77989,-0.221107,-0.602438,-0.220849

-1.50597,0.3141,-3.33008,1.46652,2.80384,0.130417,0.224012,0.135562

-1.5109,0.276677,-3.31527,1.55625,2.83459,0,-0.227027,0

-1.51819,0.226772,-3.31284,1.56463,2.86459,0,-0.227027,0

-1.52551,0.176686,-3.30458,2.11435,2.89326,-0.176967,-0.580684,-0.171273

-1.5308,0.13899,-3.29465,1.80751,2.92155,-0.175977,-0.619582,-0.22656

-1.53714,0.0880801,-3.28519,1.63729,2.94561,-0.139427,-0.693328,-0.239566

-1.54436,0.0379293,-3.277,1.57043,2.97077,-0.085685,-0.760732,-0.213608

-1.54786,-0.000397045,-3.25491,1.80094,2.99444,-0.174885,-0.665419,-0.199622

-1.55109,-0.0520061,-3.23042,1.63366,3.01876,-0.141535,-0.751139,-0.171927

-1.55205,-0.102321,-3.19134,1.51918,3.04397,0.0309039,-0.848347,0.0463606

-1.55071,-0.140176,-3.15575,2.11267,3.07137,-0.179028,-0.622119,-0.154255

-1.54727,-0.177427,-3.11688,1.77731,3.09695,-0.188919,-0.682618,-0.168362

-1.54008,-0.226798,-3.06649,1.22014,3.12521,0.149533,0.166745,0.138437

-1.53056,-0.275324,-3.01976,1.5304,3.15649,0,-0.227027,0

-1.51867,-0.324095,-2.97856,1.80086,3.18495,-0.221038,-0.665271,-0.128924

-1.51284,-0.347998,-2.96453,1.56841,3.21366,0,-0.227027,0

-1.49671,-0.408916,-2.92182,1.57691,3.24232,0,-0.227027,0

-1.48195,-0.456939,-2.88524,1.61223,3.27076,0,-0.227027,0

-1.4698,-0.492552,-2.85815,1.6041,3.29934,0,-0.227027,0

-1.45144,-0.539036,-2.81948,1.57461,3.32805,0,-0.227027,0

-1.43188,-0.585784,-2.79605,1.57947,3.35805,0,-0.227027,0

-1.41668,-0.620918,-2.77694,1.57795,3.38638,0,-0.227027,0

-1.3954,-0.666929,-2.74673,1.80923,3.41462,-0.210801,-0.652736,-0.156985

-1.37919,-0.701671,-2.73393,1.81358,3.44305,-0.195574,-0.648157,-0.180752

-1.35659,-0.747576,-2.71192,1.57938,3.4711,0,-0.227027,0

-1.3394,-0.781909,-2.6975,1.80385,3.49947,-0.183659,-0.657399,-0.192019

-1.31471,-0.827386,-2.66695,1.63628,3.52454,-0.153207,-0.742766,-0.145585

-1.28874,-0.871197,-2.64187,1.59768,3.55058,-0.124015,-0.788396,-0.0686982

-1.26093,-0.914093,-2.60632,2.10342,3.57916,-0.187356,-0.626423,-0.144872

-1.23889,-0.944843,-2.57379,1.76517,3.60733,-0.194977,-0.690478,-0.151719

-1.20721,-0.984092,-2.52273,1.8214,3.64025,-0.203086,-0.663598,-0.15496

-1.17403,-1.02074,-2.47134,1.72971,3.66899,-0.215977,-0.688192,-0.112433

-1.14783,-1.0473,-2.43326,1.76108,3.69787,-0.214784,-0.658467,-0.149973

-1.11186,-1.08144,-2.39613,1.56289,3.72637,0,-0.227027,0

-1.07559,-1.11566,-2.37154,1.78544,3.75482,-0.225297,-0.657074,-0.133552

-1.04778,-1.14121,-2.35532,1.80999,3.78348,-0.207573,-0.644379,-0.167968

-1.0103,-1.17498,-2.33468,1.58098,3.81467,0,-0.227027,0

-0.981633,-1.20002,-2.31917,1.59344,3.84284,0,-0.227027,0

-0.942522,-1.23198,-2.2875,1.47144,3.87113,0,-0.227027,0

-0.903284,-1.26151,-2.25769,1.59589,3.89916,0,-0.227027,0

-0.872002,-1.28453,-2.23643,1.66038,3.92542,-0.162657,-0.705061,-0.188024

-0.829941,-1.31439,-2.20977,1.75128,3.95357,-0.187654,-0.678699,-0.176302

-0.787743,-1.34182,-2.18095,1.67309,3.98287,-0.170922,-0.717127,-0.160798

-0.755547,-1.36004,-2.14957,1.53249,4.01277,0,-0.227027,0

-0.711191,-1.38251,-2.11191,1.808,4.0452,-0.1843,-0.646505,-0.19764

-0.665433,-1.40408,-2.07921,1.85909,4.07008,-0.194464,-0.643988,-0.175221

-0.630096,-1.42066,-2.05801,1.90928,4.09517,-0.190304,-0.633821,-0.17621

-0.582713,-1.4414,-2.01928,1.73165,4.12176,-0.196374,-0.687909,-0.152602

-0.547413,-1.45522,-1.98678,1.69395,4.15193,-0.179467,-0.685488,-0.183688

-0.499357,-1.47088,-1.93521,2.38697,4.18009,-0.16922,-0.581804,-0.148148

-0.449357,-1.48587,-1.8969,1.81395,4.20589,-0.226078,-0.652008,-0.132155

-0.413426,-1.49473,-1.87931,1.65874,4.23457,0,-0.227027,0

-0.362937,-1.50753,-1.84979,1.79253,4.26136,-0.218953,-0.659962,-0.139478

-0.313552,-1.51756,-1.81774,1.81264,4.29337,-0.216372,-0.652429,-0.147793

-0.276284,-1.52403,-1.79436,1.80428,4.32114,-0.20701,-0.647045,-0.167692

-0.226244,-1.53108,-1.75603,1.81058,4.34785,-0.22022,-0.65007,-0.145293

-0.175624,-1.53649,-1.72235,1.59893,4.37723,0,-0.227027,0

-0.138172,-1.53911,-1.69323,1.56574,4.40723,0,-0.227027,0

-0.0876627,-1.5423,-1.67584,1.2746,4.43548,0.146666,0.182946,0.134918

-0.0370316,-1.54579,-1.66643,1.87119,4.46379,-0.202528,-0.647744,-0.160181

0.000919677,-1.54779,-1.64819,3.21627,4.49239,-0.115678,-0.526875,-0.102117

0.0516824,-1.54928,-1.62974,1.78018,4.51841,-0.191707,-0.680066,-0.166216

0.089674,-1.54924,-1.60559,1.57103,4.54428,-0.0850885,-0.789577,-0.124686

0.139613,-1.54691,-1.56177,1.55653,4.57235,0,-0.227027,0

0.189085,-1.54115,-1.51315,1.54503,4.60235,0,-0.227027,0

0.225635,-1.53487,-1.47647,1.54015,4.63083,0,-0.227027,0

0.274084,-1.52465,-1.43184,1.53868,4.65949,0,-0.227027,0

0.322885,-1.51363,-1.40615,1.79295,4.68787,-0.217738,-0.658774,-0.143544

0.359606,-1.5047,-1.38365,1.56708,4.71484,0,-0.227027,0

0.408381,-1.49226,-1.35784,1.57526,4.74345,0,-0.227027,0

0.457242,-1.47891,-1.3375,1.58341,4.77345,0,-0.227027,0

0.493724,-1.4684,-1.32339,1.58437,4.80168,-0.103631,-0.765826,-0.145778

0.542454,-1.45379,-1.30461,4.21329,4.82684,-0.0840318,-0.489869,-0.0721605

0.578646,-1.44228,-1.28784,1.79495,4.85805,-0.179063,-0.667872,-0.193005

0.626115,-1.42475,-1.24788,1.57186,4.88369,-0.0854531,-0.794955,-0.108146

0.671897,-1.40485,-1.2081,1.55918,4.91029,-0.0556899,-0.814115,0.0174176

0.705567,-1.38822,-1.17623,1.55816,4.93831,-0.0530774,-0.805181,-0.0593128

0.748845,-1.36434,-1.12842,1.55209,4.96631,0,-0.227027,0

0.790776,-1.33809,-1.08116,1.53356,4.99475,0,-0.227027,0

0.821145,-1.31724,-1.04477,1.53315,5.02331,0,-0.227027,0

0.860681,-1.28765,-1.00113,1.76252,5.05388,-0.227882,-0.649964,-0.140496

0.899617,-1.25769,-0.965851,1.5219,5.08247,0,-0.227027,0

0.927998,-1.23381,-0.933965,1.5478,5.11247,0,-0.227027,0

0.965565,-1.2013,-0.910044,1.57006,5.13922,0,-0.227027,0

1.00331,-1.16841,-0.889866,1.56742,5.16877,0,-0.227027,0

1.03115,-1.1431,-0.870071,1.39796,5.19698,0.190295,0.204944,0.151506

1.0676,-1.10887,-0.847905,1.78099,5.22849,-0.201753,-0.639011,-0.188437

1.1034,-1.07362,-0.82776,1.79721,5.25661,-0.200963,-0.644911,-0.180531

1.13052,-1.04764,-0.825572,1.81417,5.28665,-0.180498,-0.638041,-0.207296

1.16682,-1.01225,-0.81348,1.80427,5.31001,-0.182832,-0.661324,-0.190235

1.19351,-0.98528,-0.795401,1.59313,5.3343,-0.109895,-0.751316,-0.201666

1.22813,-0.9487,-0.777316,1.55317,5.35967,-0.0634551,-0.80605,-0.145913

1.26092,-0.910412,-0.741413,1.82215,5.38465,-0.19002,-0.685115,-0.159985

1.2837,-0.881291,-0.707496,2.05146,5.41542,-0.182906,-0.643305,-0.184591

1.31141,-0.840135,-0.657358,1.77155,5.44231,-0.191732,-0.686732,-0.160582

1.33665,-0.797965,-0.607818,1.51286,5.47011,0.186001,-0.659994,0.369052

1.35403,-0.765471,-0.571336,1.53663,5.50207,0,-0.227027,0

1.37529,-0.721846,-0.522964,1.72645,5.53207,-0.201326,-0.669427,-0.163761

1.39472,-0.676819,-0.475334,1.78458,5.56044,-0.221571,-0.645501,-0.151083

1.40839,-0.642766,-0.448552,2.0165,5.5901,-0.202335,-0.615665,-0.193699

1.42566,-0.596676,-0.414879,1.54451,5.61816,0,-0.227027,0

1.44238,-0.550058,-0.388592,1.54157,5.6463,0,-0.227027,0

1.45406,-0.514508,-0.368913,1.80793,5.67763,-0.198255,-0.619608,-0.201761

1.46881,-0.467068,-0.33772,1.56664,5.7035,0,-0.227027,0

1.47889,-0.431357,-0.322813,1.55413,5.73139,0,-0.227027,0

1.49331,-0.383458,-0.317347,1.55901,5.75948,0,-0.227027,0

1.50356,-0.347213,-0.301377,1.56195,5.78731,0,-0.227027,0

1.51502,-0.298537,-0.263502,1.39445,5.81623,0.507842,0.0664681,0.101121

1.52465,-0.249255,-0.233962,1.57847,5.84301,0,-0.227027,0

1.53211,-0.199782,-0.202513,1.78703,5.8709,-0.18884,-0.654603,-0.190289

1.53738,-0.162672,-0.189829,1.54488,5.8951,0,-0.227027,0

1.54348,-0.112439,-0.162035,1.77306,5.9251,-0.18068,-0.665368,-0.195906

1.54657,-0.074794,-0.133073,1.80078,5.94925,-0.183067,-0.655763,-0.194627

1.54899,-0.0247703,-0.100309,1.797,5.97562,-0.189549,-0.664709,-0.179445

1.54929,0.0251424,-0.0592811,1.80864,6.00193,-0.201182,-0.666642,-0.158743

1.54805,0.0623732,-0.0252504,1.54755,6.03034,0,-0.227027,0

1.54376,0.111744,0.0168623,1.79205,6.06034,-0.202959,-0.655338,-0.168745

1.53784,0.161508,0.0496689,1.40996,6.08719,0.204886,0.177692,0.218129

1.53326,0.198678,0.0682781,1.81625,6.11766,-0.195432,-0.644312,-0.183456

1.52605,0.248566,0.096749,1.39354,6.14269,0.232198,0.173122,0.213167

1.51806,0.29793,0.120117,1.76639,6.17422,-0.196155,-0.672225,-0.167923

1.51069,0.334739,0.148482,1.56226,6.20254,0,-0.227027,0

1.49938,0.383236,0.179616,1.36859,6.22893,0.239778,0.175916,0.194456

1.49031,0.419802,0.198198,1.5324,6.26082,0,-0.227027,0

1.47713,0.468368,0.224541,1.56091,6.28866,0,-0.227027,0

1.46278,0.516796,0.24716,1.57633,6.31866,0,-0.227027,0

1.4514,0.552756,0.270491,1.55971,6.34653,-0.0669869,-0.756752,-0.234927

1.43428,0.601232,0.2944,1.57237,6.37028,-0.0869854,-0.781593,-0.168014

1.41591,0.649603,0.313596,1.69032,6.39528,-0.168137,-0.730433,-0.161004

1.40282,0.684253,0.339596,1.39405,6.42211,0.578498,-0.308708,0.284925

1.38212,0.729838,0.385073,3.16237,6.4517,-0.11801,-0.538811,-0.104492

1.35846,0.774128,0.431607,2.50807,6.47808,-0.157971,-0.589301,-0.136582

1.33911,0.806178,0.466191,1.58006,6.5052,-0.0953686,-0.792955,-0.0642053

1.31192,0.84762,0.515923,1.80889,6.53783,-0.200284,-0.662271,-0.161045

1.28276,0.8875,0.56577,1.93636,6.56588,-0.216772,-0.657928,-0.180526

1.25907,0.916112,0.604854,2.51595,6.59883,-0.157151,-0.564011,-0.140841

1.22638,0.952243,0.660034,1.73144,6.62742,-0.226616,-0.63994,-0.153876

1.1919,0.988181,0.69565,1.60336,6.65588,0,-0.227027,0

1.16607,1.01513,0.713885,1.43041,6.68406,0.164744,0.212308,0.139974

1.13075,1.05036,0.742411,1.62901,6.71339,0,-0.227027,0

1.1042,1.07692,0.757603,1.60502,6.7415,0,-0.227027,0

1.06863,1.11284,0.759604,1.58728,6.76921,0,-0.227027,0

1.03238,1.14834,0.777712,1.58507,6.79666,0,-0.227027,0

1.00452,1.1748,0.800351,1.59561,6.8223,0,-0.227027,0

0.966312,1.20816,0.82683,1.58369,6.85013,0,-0.227027,0

0.927055,1.24076,0.854048,1.61078,6.87777,-0.136621,-0.748739,-0.142546

0.896658,1.26426,0.883425,1.85741,6.90681,-0.19695,-0.666233,-0.220575

0.85555,1.29402,0.914305,1.59909,6.93065,-0.126897,-0.76697,-0.0988119

0.823776,1.315,0.946209,1.58527,6.9565,0,-0.227027,0

0.780548,1.34072,0.992493,1.56115,6.98291,0,-0.227027,0

0.735715,1.36375,1.0395,1.55176,7.01244,0,-0.227027,0

0.701241,1.37934,1.07579,1.66021,7.04121,-0.213884,-0.696951,-0.0816254

0.654825,1.39899,1.11236,1.77269,7.07002,-0.258862,-0.707388,-0.189008

0.607937,1.41857,1.13816,1.6169,7.0965,0,-0.227027,0

0.572729,1.43239,1.15981,1.59142,7.1246,0,-0.227027,0

0.525171,1.44981,1.18578,1.85968,7.15293,-0.239741,-0.677785,-0.180499

0.477293,1.46662,1.20884,1.39345,7.18113,0.209057,0.273588,0.22326

0.440513,1.47817,1.23815,1.83727,7.21403,-0.22447,-0.67389,-0.205387

0.391445,1.49,1.27561,1.57316,7.24014,0,-0.227027,0

0.341517,1.50183,1.29354,1.60656,7.27014,0,-0.227027,0

0.304104,1.51112,1.30251,1.60483,7.30014,0,-0.227027,0

0.253992,1.52164,1.32474,1.40873,7.32605,0.505389,0.267266,0.35895

0.203789,1.53278,1.34201,1.58966,7.35502,-0.118479,-0.792551,-0.0398404

0.165749,1.54009,1.36041,1.60778,7.38064,-0.149493,-0.863002,-0.19828

0.115268,1.54871,1.37583,1.59326,7.4054,-0.136097,-0.909394,-0.133563

0.0770564,1.55452,1.39838,1.60383,7.43062,-0.142711,-0.884269,-0.161535

0.0268141,1.55842,1.44492,1.54129,7.45665,-0.011522,-1,0.116344

-0.0234967,1.55948,1.49479,1.79364,7.48611,-0.230497,-0.752109,-0.139319

-0.0605977,1.55807,1.53835,1.5266,7.50817,-0.526838,-1,-0.9

-0.109556,1.55358,-4.68808,1.7539,7.5255,-0.341489,-0.789996,0.116029

-0.157413,1.54641,-4.63228,1.49453,7.55899,0.102143,0.253894,0.315179

-0.192609,1.53912,-4.59044,1.70705,7.59861,-0.365674,-0.796669,-0.0054184

-0.238978,1.52645,-4.54326,1.48898,7.63023,0.123113,0.302594,0.236624

-0.28505,1.51238,-4.50431,1.53048,7.6626,0,-0.227027,0

-0.320003,1.50162,-4.476,1.51162,7.69097,0,-0.227027,0

-0.366095,1.48588,-4.44802,1.76729,7.72097,-0.345254,-0.688563,-0.184571

-0.401137,1.47371,-4.42414,1.5486,7.747,0,-0.227027,0

-0.447048,1.45672,-4.39669,1.54352,7.77562,0,-0.227027,0

-0.491957,1.43674,-4.35294,2.01865,7.80342,-0.258588,-0.610132,-0.17096

-0.525002,1.4215,-4.32578,1.77355,7.83343,-0.349815,-0.65096,-0.240604

-0.56864,1.39959,-4.29911,2.43497,7.86103,-0.182693,-0.558453,-0.143064

-0.613851,1.37911,-4.29324,1.51506,7.88731,0,-0.227027,0

-0.647596,1.36221,-4.29398,1.77718,7.91719,-0.256098,-0.664842,-0.242388

-0.692367,1.33923,-4.27017,1.85643,7.94477,-0.245286,-0.64914,-0.20887

-0.714068,1.32719,-4.26003,2.49071,7.97238,-0.157348,-0.551772,-0.146628

-0.767184,1.29447,-4.21129,1.56321,7.99909,0,-0.227027,0

-0.787214,1.28042,-4.19023,0.459643,8.02606,0.0548581,0.0322185,0.0418924

-0.838379,1.24508,-4.15331,1.54916,8.05617,0,-0.227027,0

-0.879056,1.21592,-4.11623,1.81666,8.08574,-0.266496,-0.659333,-0.213727

-0.909388,1.19416,-4.10487,1.13436,8.11133,0.14203,0.198566,0.111028

-0.948786,1.16195,-4.08513,1.60099,8.14064,0,-0.227027,0

-0.987819,1.13034,-4.05175,1.74976,8.17021,-0.258809,-0.702831,-0.214185

-1.02627,1.09666,-4.02769,1.56148,8.19807,0,-0.227027,0

-1.05462,1.07047,-4.00609,2.16485,8.22765,-0.193301,-0.601711,-0.166396

-1.09089,1.03545,-3.99073,1.59734,8.25231,0,-0.227027,0

-1.12711,0.999671,-3.96883,2.15243,8.28316,-0.194533,-0.619324,-0.159445

-1.15367,0.971706,-3.94465,1.63687,8.30973,0,-0.227027,0

-1.18825,0.934775,-3.91458,1.56367,8.33797,0,-0.227027,0

-1.21339,0.906292,-3.91454,1.86873,8.36797,-0.199904,-0.677272,-0.199478

-1.24717,0.867822,-3.88805,1.80646,8.39731,-0.201026,-0.707019,-0.199833

-1.27956,0.827543,-3.85286,1.57489,8.42227,-0.124696,-0.944507,-0.0800575

-1.30988,0.785834,-3.83028,1.54771,8.45548,-0.0689562,-0.971408,-0.089613

-1.33286,0.754605,-3.81524,1.62028,8.48091,-0.156289,-0.846822,-0.179301

-1.36119,0.711805,-3.77374,1.51878,8.50551,0.0394069,-1,0.158666

-1.38047,0.67885,-3.73529,1.41491,8.534,0.697521,-0.143219,0.660207

-1.40279,0.633457,-3.68237,1.74423,8.57415,-0.20322,-0.74665,-0.195747

-1.42302,0.587355,-3.62956,1.53249,8.59907,0,-0.227027,0

-1.43699,0.551715,-3.60037,1.56387,8.62907,0,-0.227027,0

-1.45381,0.503614,-3.55078,1.83441,8.66099,-0.228774,-0.701947,-0.176749

-1.46944,0.455149,-3.51906,1.72768,8.68922,-0.243483,-0.772005,-0.147257

-1.48031,0.418666,-3.48739,1.76547,8.71693,-0.236553,-0.733278,-0.175764

-1.49326,0.369492,-3.44932,1.4352,8.74659,0.287632,0.280118,0.337862

-1.50443,0.32019,-3.41068,1.63507,8.77803,0,-0.227027,0

-1.51136,0.28344,-3.37397,1.53241,8.80803,0,-0.227027,0

-1.51752,0.232716,-3.33134,1.35908,8.83893,0.179235,0.263701,0.176064

-1.52217,0.195325,-3.30872,1.54395,8.86697,0,-0.227027,0

-1.52616,0.143292,-3.28137,1.6277,8.89519,0,-0.227027,0

-1.53055,0.0930902,-3.25012,1.86597,8.92318,-0.243219,-0.680393,-0.173431

-1.53151,0.0543025,-3.22319,1.6373,8.95144,0,-0.227027,0

-1.53305,0.00411582,-3.19563,1.95516,8.98322,-0.219095,-0.646949,-0.182634

-1.53217,-0.0481784,-3.16688,1.9264,9.00945,-0.231793,-0.666062,-0.169138

-1.53159,-0.0859171,-3.1484,1.5419,9.03867,0,-0.227027,0

-1.52824,-0.138166,-3.11786,1.82323,9.07137,-0.224348,-0.689612,-0.197645

-1.52332,-0.189577,-3.08831,1.59997,9.10377,0,-0.227027,0

-1.51911,-0.228426,-3.0766,1.88874,9.13377,-0.199814,-0.660804,-0.209336

-1.51449,-0.280304,-3.07544,1.30234,9.15763,0.346078,0.236157,0.211703

-1.50959,-0.332109,-3.06285,1.65883,9.18547,-0.171763,-0.807593,-0.202382

-1.50517,-0.370808,-3.04026,1.40929,9.20952,0.832598,-0.738942,0.33208

-1.49751,-0.422653,-3.0202,1.60851,9.23892,-0.138889,-0.865672,-0.185949

-1.49078,-0.461508,-2.99837,1.42715,9.26334,0.464303,-1,0.115343

-1.4793,-0.512251,-2.95496,1.64195,9.29177,-0.16317,-0.853306,-0.160309

-1.46438,-0.561621,-2.90375,1.63572,9.31722,-0.177497,-0.892166,-0.0677942

-1.45102,-0.597586,-2.86224,1.7967,9.3444,-0.215161,-0.757661,-0.14895

-1.43142,-0.644201,-2.80502,1.39086,9.37449,0.268473,0.208422,0.354659

-1.40876,-0.689194,-2.74882,1.78783,9.40663,-0.249158,-0.756529,-0.11105

-1.38991,-0.721697,-2.70495,1.26103,9.43726,0.154967,0.208676,0.161949

-1.36341,-0.76442,-2.66147,1.62434,9.47896,-0.195693,-0.864672,-0.186187

-1.33575,-0.806445,-2.62868,1.89634,9.50513,-0.229038,-0.669658,-0.175898

-1.31499,-0.83831,-2.62035,2.20656,9.53481,-0.18214,-0.60542,-0.164456

-1.28768,-0.880975,-2.60264,1.58239,9.55926,-0.121376,-0.955614,-0.134224

-1.26641,-0.912089,-2.58077,1.79427,9.59347,-0.194757,-0.687736,-0.233373

-1.23774,-0.9538,-2.5584,1.63043,9.61724,-0.163271,-0.819668,-0.229788

-1.2066,-0.994019,-2.52563,1.59651,9.64937,-0.129529,-0.858978,-0.240025

-1.18273,-1.02337,-2.49805,1.40178,9.67247,0.749963,0.186629,0.340566

-1.14894,-1.0602,-2.4448,1.59299,9.70246,-0.136874,-0.907425,-0.198788

-1.11276,-1.09415,-2.39274,1.51374,9.73047,0,-0.227027,0

-1.08405,-1.1193,-2.36154,1.7856,9.76065,-0.225739,-0.686722,-0.218296

-1.04546,-1.15154,-2.32847,1.57841,9.78653,0,-0.227027,0

-1.00637,-1.18406,-2.31377,1.87696,9.81653,-0.222632,-0.668992,-0.190992

-0.977967,-1.20896,-2.30826,1.55703,9.84259,0,-0.227027,0

-0.939537,-1.24097,-2.28942,1.23337,9.87047,0.21193,0.223538,0.1503

-0.900193,-1.27357,-2.27631,1.92535,9.90085,-0.195915,-0.670192,-0.194365

-0.869433,-1.29869,-2.26378,2.10768,9.92727,-0.178882,-0.634936,-0.178209

-0.828342,-1.32855,-2.23134,2.02929,9.95411,-0.187634,-0.655337,-0.180649

-0.796229,-1.34946,-2.19501,1.53445,9.98303,-0.0140225,-0.935404,-0.260095

-0.751644,-1.37468,-2.14413,1.38743,10.0072,0.415766,0.226971,0.319292

-0.706072,-1.39628,-2.10441,2.14523,10.0365,-0.191469,-0.630402,-0.160242

-0.671147,-1.41279,-2.07532,1.58835,10.0693,-0.119532,-0.87547,-0.244817

-0.623854,-1.43204,-2.02753,1.29588,10.0974,0.208319,0.239923,0.163731

-0.574828,-1.44984,-1.97027,1.64236,10.1251,-0.260554,-0.882106,-0.0773471

-0.538536,-1.46093,-1.93737,1.40303,10.16,0.264325,0.308208,0.169135

-0.488656,-1.47638,-1.91636,1.56891,10.1896,0,-0.227027,0

-0.438287,-1.49187,-1.89914,1.5711,10.2178,0,-0.227027,0

-0.401134,-1.5047,-1.90605,1.61499,10.2457,-0.144231,-0.808681,-0.27355

-0.351588,-1.52131,-1.90351,1.68062,10.2689,-0.178068,-0.782676,-0.217057

-0.302067,-1.53677,-1.88079,1.63507,10.2925,-0.165891,-0.855597,-0.159235

-0.264898,-1.54632,-1.84881,1.84785,10.3182,-0.20148,-0.716278,-0.183023

-0.214726,-1.55581,-1.80196,1.55586,10.3432,-0.0502749,-1,0.121284

-0.177045,-1.56062,-1.76213,1.80321,10.3737,-0.213555,-0.728197,-0.175886

-0.126837,-1.56444,-1.71182,1.79074,10.4049,-0.22428,-0.729912,-0.168595

-0.0771413,-1.56492,-1.6626,1.55706,10.4406,-3.46031,-1,4.89672

-0.0397924,-1.56431,-1.61974,1.79672,10.5095,-0.157347,-0.609532,-0.309116

0.00908747,-1.5597,-1.56047,1.3549,10.5284,0.399233,0.329305,-0.0698483

0.0570597,-1.55268,-1.50418,1.71027,10.5554,-0.194052,-0.618398,-0.356281

0.0929842,-1.54558,-1.4722,1.55761,10.579,0,-0.227027,0

0.14103,-1.53614,-1.44268,1.52859,10.6068,0,-0.227027,0

0.189357,-1.52681,-1.42261,1.76932,10.633,-0.218271,-0.613203,-0.309001

0.226139,-1.52013,-1.41352,1.55748,10.6573,0,-0.227027,0

0.274964,-1.50966,-1.38659,1.55516,10.6844,0,-0.227027,0

0.323156,-1.49668,-1.34709,1.56192,10.7118,0,-0.227027,0

0.35877,-1.48503,-1.31699,1.79794,10.7404,-0.21914,-0.606965,-0.294605

0.405973,-1.46868,-1.28559,1.78199,10.7678,-0.232188,-0.616573,-0.295902

0.441167,-1.45524,-1.26441,1.58467,10.792,0,-0.227027,0

0.488086,-1.43748,-1.24327,1.57897,10.8191,0,-0.227027,0

0.534597,-1.41849,-1.21529,1.56677,10.8491,0,-0.227027,0

0.569511,-1.40374,-1.19948,1.26217,10.8763,0.195829,0.270111,0.0861744

0.615873,-1.38309,-1.18114,1.58924,10.9042,0,-0.227027,0

0.661908,-1.36177,-1.16576,2.10822,10.9342,-0.186062,-0.589703,-0.190994

0.696804,-1.3459,-1.16554,1.59418,10.9622,0,-0.227027,0

0.7435,-1.32476,-1.15541,1.60684,10.9922,0,-0.227027,0

0.777987,-1.3077,-1.13613,1.60664,11.0161,-0.123355,-0.725552,-0.357924

0.823604,-1.28421,-1.11611,1.83368,11.0367,-0.188577,-0.672095,-0.228214

0.868875,-1.25962,-1.09542,1.61729,11.0591,-0.152437,-0.821244,-0.231533

0.912362,-1.23299,-1.05426,1.58949,11.0824,-0.143739,-0.923833,-0.109693

0.943672,-1.21126,-1.01704,1.57954,11.1089,0,-0.227027,0

0.973368,-1.18824,-0.980311,1.56523,11.137,0,-0.227027,0

1.01107,-1.15525,-0.924065,1.55804,11.1663,0,-0.227027,0

1.04691,-1.12078,-0.87333,1.37264,11.195,0.179977,0.259623,0.205755

1.07276,-1.09368,-0.84457,1.38876,11.2276,0.239226,0.293138,0.196258

1.10758,-1.05761,-0.819187,1.60798,11.256,0,-0.227027,0

1.14279,-1.02203,-0.814607,1.53277,11.286,0,-0.227027,0

1.17818,-0.98581,-0.791411,1.59103,11.3138,0,-0.227027,0

1.20429,-0.958223,-0.774898,1.59074,11.3438,0,-0.227027,0

1.23844,-0.920631,-0.758703,1.58424,11.3699,-0.123699,-0.895157,-0.185955

1.26382,-0.891703,-0.745773,1.64813,11.3942,-0.166204,-0.810712,-0.211668

1.29648,-0.853066,-0.717792,1.56735,11.419,-0.0995307,-0.942084,-0.120353

1.32595,-0.81252,-0.669018,1.38507,11.4468,0.430868,0.140244,0.438194

1.34632,-0.781399,-0.630929,2.07047,11.4814,-0.18828,-0.647537,-0.173265

1.37058,-0.73846,-0.577277,1.53721,11.509,0.0368143,-1,0.0492319

1.39278,-0.694311,-0.530711,1.54557,11.5387,0.158482,-1,0.877517

1.40803,-0.660399,-0.495919,1.55898,11.5752,0,-0.227027,0

1.42653,-0.614592,-0.448113,1.53249,11.6034,0,-0.227027,0

1.44223,-0.56771,-0.398606,1.80103,11.631,-0.244348,-0.69267,-0.192758

1.45363,-0.532313,-0.377835,1.54458,11.6571,0,-0.227027,0

1.46822,-0.484964,-0.347002,2.0407,11.6871,-0.207266,-0.622526,-0.179325

1.48086,-0.437105,-0.307424,1.56644,11.713,0,-0.227027,0

1.48997,-0.400971,-0.288128,2.48727,11.7425,-0.163057,-0.567008,-0.140786

1.50119,-0.352257,-0.263664,1.55906,11.7691,0,-0.227027,0

1.50835,-0.315324,-0.237711,1.78645,11.7992,-0.223842,-0.677055,-0.232483

1.51631,-0.266046,-0.20323,2.48254,11.8286,-0.162345,-0.566229,-0.142104

1.52306,-0.216356,-0.186121,1.58236,11.8562,0,-0.227027,0

1.52852,-0.179229,-0.182607,1.23943,11.8853,0.232249,0.244596,0.124303

1.53459,-0.141811,-0.187889,0.635249,11.9119,0.106395,0.0739068,0.0716256

1.54668,-0.0797697,-0.196256,1.81455,11.9389,-0.180109,-0.705461,-0.222749

1.55467,-0.0426972,-0.19935,1.59921,11.9627,-0.117204,-0.814121,-0.27779

1.56483,0.00693019,-0.201809,1.59727,11.9849,-0.11783,-0.846674,-0.24701

1.57211,0.0438813,-0.189706,1.37487,12.0074,0.343519,-1,-0.189606

1.57811,0.0943244,-0.145967,5.006,12.0318,-0.0686543,-0.488602,-0.0603004

1.58003,0.144774,-0.0942752,1.58108,12.0624,-0.108749,-0.903863,-0.187412

1.57941,0.182133,-0.0535642,1.55524,12.0898,-0.0808802,-0.918756,-0.201778

1.57666,0.232099,-0.0175355,1.79801,12.1153,-0.182577,-0.767053,-0.186064

1.57322,0.28204,0.0139031,1.78689,12.1401,-0.187207,-0.784983,-0.167393

1.56944,0.319227,0.0436372,1.04212,12.1704,0.217943,0.153632,0.158347

1.56226,0.368278,0.0937323,6.16203,12.2016,-0.0535545,-0.456653,-0.046468

1.55153,0.416637,0.149855,1.5473,12.2278,-0.0452957,-0.985022,-0.0289233

1.54218,0.452709,0.176816,1.54489,12.2557,-0.0438416,-0.963777,-0.11503

1.53549,0.476554,0.193713,1.56213,12.2824,-0.0745875,-0.874366,-0.257505

1.52053,0.523628,0.241577,1.113,12.3106,0.229093,0.182107,0.145791

1.49809,0.580484,0.312281,2.50213,12.3411,-0.157198,-0.592737,-0.136251

1.48263,0.613462,0.350538,1.52994,12.3736,0.0474948,-0.950756,-0.224651

1.45544,0.668586,0.394104,2.47851,12.3988,-0.162121,-0.590031,-0.135562

1.43793,0.701082,0.42772,1.52188,12.4246,0.709618,-1,0.631187

1.41334,0.743067,0.471689,3.12171,12.4631,-0.119869,-0.527315,-0.106138

1.40681,0.753299,0.480693,1.5175,12.4833,0.104742,-0.807318,-0.469885

1.37258,0.804328,0.529731,2.14482,12.5085,-0.185186,-0.602081,-0.173215

1.3368,0.856848,0.563746,1.66049,12.5347,-0.227582,-0.81777,-0.121349

1.31465,0.886711,0.585842,1.57264,12.5733,-0.064366,-0.832362,-0.355518

1.28387,0.926358,0.621426,1.83748,12.5948,-0.218068,-0.667359,-0.202827

1.25074,0.964115,0.673317,1.4301,12.6277,0.246866,0.301992,0.175084

1.22418,0.992033,0.708668,2.59533,12.6593,-0.150639,-0.544595,-0.137247

1.1872,1.02623,0.758043,1.784,12.6826,-0.26506,-0.65267,-0.220381

1.14813,1.06056,0.79591,1.85619,12.7104,-0.270219,-0.633399,-0.193667

1.11884,1.08425,0.820056,1.81494,12.7385,-0.266904,-0.631138,-0.229246

1.07854,1.11631,0.858895,1.63279,12.7673,0,-0.227027,0

1.04785,1.13934,0.887201,1.80796,12.7973,-0.274158,-0.613153,-0.257207

1.00563,1.16866,0.922419,1.58214,12.8226,0,-0.227027,0

0.963218,1.19739,0.941127,1.89896,12.8507,-0.275443,-0.616462,-0.201542

0.930919,1.21868,0.959061,1.86167,12.8778,-0.270195,-0.618836,-0.2246

0.887808,1.24685,0.979623,1.60169,12.9019,0,-0.227027,0

0.843375,1.27328,1.0163,1.60269,12.9296,0,-0.227027,0

0.809149,1.29077,1.04406,1.60382,12.9576,0,-0.227027,0

0.762599,1.31271,1.08207,1.35532,12.986,0.115548,0.259077,0.13611

0.715986,1.33405,1.11175,1.59128,13.0156,0,-0.227027,0

0.680405,1.34859,1.14036,1.59348,13.0437,0,-0.227027,0

0.632499,1.36711,1.16813,1.59517,13.0721,0,-0.227027,0

0.596208,1.38031,1.18833,1.42464,13.1002,0.119866,0.300624,0.142506

0.54769,1.39771,1.21371,0.926744,13.1298,0.0988171,0.130999,0.0926834

0.498345,1.41209,1.25058,1.29492,13.16,0.114771,0.240446,0.130065

0.46139,1.4221,1.26648,1.26263,13.1877,0.122312,0.234696,0.122635

0.411014,1.43476,1.2903,2.5826,13.2202,-0.167514,-0.55079,-0.13091

0.360972,1.44684,1.30633,1.62816,13.2472,0,-0.227027,0

0.323351,1.4553,1.32149,1.81196,13.2772,-0.280657,-0.659248,-0.210546

0.272665,1.46509,1.35517,1.60722,13.3033,0,-0.227027,0

0.221563,1.47281,1.38701,1.62585,13.3347,0,-0.227027,0

0.183076,1.47734,1.41482,2.60481,13.366,-0.16186,-0.5527,-0.129152

0.131498,1.48095,1.44507,1.85416,13.3932,-0.291814,-0.662598,-0.171766

0.0797257,1.48475,1.45718,1.62633,13.4214,0,-0.227027,0

0.0405459,1.48842,1.46399,1.01201,13.4497,0.11858,0.150549,0.105786

-0.0110213,1.49063,1.49442,1.60204,13.4791,0,-0.227027,0

-0.0628049,1.49273,1.51776,1.86252,13.5073,-0.430704,-1,-0.9

-0.101518,1.49287,1.52698,1.83307,13.5103,-0.440013,-1,-0.9

-0.153184,1.494,1.53897,1.60878,13.5133,-0.510097,-1,-0.9

-0.191607,1.49342,1.56553,1.85128,13.5163,-0.439809,-1,-0.9

-0.241566,1.48834,-4.65913,1.53171,13.5455,0.0417986,0.232151,0.338813

-0.290346,1.48041,-4.60748,1.77233,13.5933,-0.344909,-0.235409,0.723557

-0.325992,1.47172,-4.5812,1.74321,13.6378,-0.416669,-0.552219,0.582617

-0.374335,1.46131,-4.56391,1.54917,13.6805,0.0492662,0.169756,0.568813

-0.4107,1.4533,-4.55043,1.56196,13.7228,0,-0.227027,0

-0.458415,1.44172,-4.52092,1.01605,13.7515,0.109347,0.133911,0.116133

-0.507478,1.43139,-4.51172,1.40826,13.7813,0.251447,0.195189,0.407727

-0.556137,1.41958,-4.50044,1.79813,13.8152,-0.221901,-0.757351,-0.134769

-0.592923,1.4115,-4.4821,1.61332,13.8428,-0.163424,-0.891279,-0.0900639

-0.640858,1.39643,-4.45438,1.55453,13.8713,-0.0867402,-0.98143,0.0340184

-0.687966,1.37887,-4.41685,1.82693,13.9006,-0.214658,-0.755837,-0.1393

-0.721355,1.3641,-4.36572,1.81387,13.9385,-0.202579,-0.729644,-0.181571

-0.764883,1.342,-4.30827,1.53467,13.9659,0.021873,-1,0.19194

-0.796776,1.32359,-4.27424,1.56708,14.0025,0,-0.227027,0

-0.837616,1.29621,-4.21974,1.72701,14.0325,-0.212187,-0.745488,-0.20448

-0.877066,1.26709,-4.16215,1.5354,14.0608,0,-0.227027,0

-0.906005,1.24426,-4.1265,1.77608,14.0908,-0.232212,-0.699161,-0.211964

-0.945337,1.2139,-4.11057,1.79628,14.1187,-0.225693,-0.698785,-0.202624

-0.985428,1.1827,-4.09911,1.80438,14.1488,-0.213594,-0.701152,-0.203257

-1.0152,1.15915,-4.08194,1.88656,14.1768,-0.199207,-0.667241,-0.206338

-1.05441,1.12736,-4.05238,1.84287,14.204,-0.205082,-0.689845,-0.201976

-1.09294,1.0943,-4.02922,1.55023,14.2276,-0.0478944,-1,-0.0426374

-1.12073,1.06804,-4.01164,1.58941,14.2535,-0.131607,-0.901937,-0.168338

-1.14749,1.04127,-3.97888,1.83504,14.2813,-0.201576,-0.699089,-0.200855

-1.18149,1.00398,-3.92753,1.57996,14.3065,-0.12634,-0.985129,-0.042487

-1.21226,0.964878,-3.89258,1.62277,14.3361,0,-0.227027,0

-1.24345,0.925157,-3.85585,1.86699,14.3666,-0.227185,-0.700033,-0.165198

-1.26577,0.894893,-3.83811,1.80641,14.3949,-0.216343,-0.713586,-0.188358

-1.29546,0.853564,-3.81161,1.45418,14.4292,1.16681,-0.854311,0.500101

-1.32379,0.811451,-3.78202,5.05488,14.4544,-0.0679743,-0.468447,-0.0573281

-1.34418,0.778296,-3.75157,2.13664,14.4851,-0.185679,-0.627741,-0.168398

-1.36898,0.734251,-3.702,1.59561,14.5128,-0.15517,-0.940458,-0.110275

-1.39149,0.688599,-3.66926,1.40679,14.538,0.262697,0.254017,0.30907

-1.40818,0.653923,-3.65521,1.5671,14.5676,0,-0.227027,0

-1.42901,0.607721,-3.61548,1.73353,14.5968,-0.226247,-0.760491,-0.170139

-1.4483,0.560304,-3.58634,1.72299,14.6282,-0.222197,-0.767903,-0.171511

-1.46184,0.524486,-3.56241,1.63933,14.6557,0,-0.227027,0

-1.47963,0.477073,-3.53851,1.65423,14.6884,-0.182157,-0.804606,-0.211856

-1.49152,0.440694,-3.5145,1.68685,14.7117,-0.193397,-0.77636,-0.210264

-1.50827,0.392086,-3.4919,1.61083,14.7434,-0.145867,-0.850233,-0.215378

-1.52168,0.341928,-3.44914,1.47719,14.7675,0.750675,-0.82286,0.823513

-1.52972,0.304244,-3.40902,1.63904,14.8014,-0.17522,-0.817338,-0.218095

-1.53748,0.253719,-3.35885,1.70809,14.8383,-0.199057,-0.734666,-0.23949

-1.54259,0.20325,-3.30695,1.50023,14.8649,0,-0.227027,0

-1.54474,0.165091,-3.26948,2.55418,14.8945,-0.156156,-0.561323,-0.136862

-1.54589,0.114535,-3.22522,1.52497,14.9212,0,-0.227027,0

-1.54602,0.0637985,-3.19345,1.55936,14.9512,0,-0.227027,0

-1.54499,0.0252038,-3.17071,1.6562,14.9769,-0.263996,-0.809855,-0.219232

-1.54339,-0.0266896,-3.14532,1.64594,15.0032,0,-0.227027,0

-1.54042,-0.0782786,-3.11642,2.58302,15.0332,-0.161137,-0.566882,-0.129086

-1.53676,-0.11656,-3.09403,1.81366,15.0619,-0.241732,-0.682147,-0.200173

-1.53168,-0.168391,-3.07387,1.84669,15.0899,-0.237446,-0.681387,-0.185122

-1.52744,-0.207178,-3.05875,1.69203,15.118,-0.22223,-0.757655,-0.221883

-1.51977,-0.258497,-3.03023,1.64916,15.1458,0,-0.227027,0

-1.51127,-0.310079,-3.0078,1.92899,15.1739,-0.219986,-0.669942,-0.173475

-1.50398,-0.348003,-2.98234,1.60775,15.1988,0,-0.227027,0

-1.49301,-0.39915,-2.9594,1.82778,15.2261,-0.230972,-0.715354,-0.164372

-1.47933,-0.449905,-2.92014,1.81911,15.2543,-0.246037,-0.729562,-0.139457

-1.4671,-0.487026,-2.88395,1.61057,15.2865,0,-0.227027,0

-1.44874,-0.535151,-2.83447,1.64543,15.315,0,-0.227027,0

-1.42856,-0.582361,-2.79937,1.60675,15.3435,0,-0.227027,0

-1.41337,-0.617793,-2.78123,1.84729,15.3747,-0.239146,-0.692489,-0.172212

-1.39185,-0.664979,-2.75006,1.56624,15.4013,0,-0.227027,0

-1.37526,-0.699692,-2.73459,1.64112,15.4296,-0.227794,-0.869326,-0.11658

-1.35314,-0.747174,-2.72903,1.59545,15.4555,-0.164428,-0.963351,0.00416171

-1.33027,-0.794106,-2.70769,1.58207,15.4828,-0.135342,-0.988142,0.114472

-1.31168,-0.82849,-2.67636,1.89118,15.5129,-0.2164,-0.700394,-0.165804

-1.28448,-0.87183,-2.62837,1.80241,15.5452,-0.229309,-0.733354,-0.158406

-1.25529,-0.911967,-2.57863,1.43988,15.5717,0.23267,0.246146,0.367608

-1.23108,-0.94222,-2.53607,1.81499,15.6042,-0.24561,-0.711969,-0.161615

-1.19766,-0.97985,-2.48955,1.5615,15.636,0,-0.227027,0

-1.1641,-1.01711,-2.45783,1.57212,15.6643,0,-0.227027,0

-1.13777,-1.04446,-2.43097,1.80067,15.6927,-0.256723,-0.706301,-0.170408

-1.10233,-1.08003,-2.39732,1.75671,15.7231,-0.270038,-0.73426,-0.1598

-1.0646,-1.11403,-2.35795,1.7894,15.7515,-0.285198,-0.720477,-0.140285

-1.03621,-1.13917,-2.3439,1.58287,15.7801,0,-0.227027,0

-0.998435,-1.17299,-2.33299,1.60615,15.8081,0,-0.227027,0

-0.969456,-1.1985,-2.31963,1.65854,15.8344,-0.213892,-0.813606,-0.186873

-0.930732,-1.23154,-2.30019,1.76255,15.861,-0.226978,-0.741275,-0.174249

-0.892274,-1.26204,-2.26559,2.14331,15.892,-0.194167,-0.630561,-0.158929

-0.859838,-1.28566,-2.23238,1.67534,15.9178,-0.222437,-0.810129,-0.159351

-0.817315,-1.31324,-2.1982,1.75422,15.9446,-0.243701,-0.757044,-0.145916

-0.773741,-1.33874,-2.15588,1.58819,15.9705,0,-0.227027,0

-0.740418,-1.35667,-2.12631,1.85671,16.0014,-0.240279,-0.697182,-0.161684

-0.695513,-1.37757,-2.0903,1.59524,16.0297,0,-0.227027,0

-0.649637,-1.39751,-2.0434,1.82518,16.0597,-0.275154,-0.714191,-0.130828

-0.611872,-1.41388,-2.00101,1.85175,16.0868,-0.280689,-0.695749,-0.134198

-0.56439,-1.43181,-1.97158,1.90004,16.1143,-0.276081,-0.685521,-0.126132

-0.516075,-1.44763,-1.93254,1.80293,16.1471,-0.318508,-0.725149,-0.0937438

-0.479978,-1.45781,-1.90705,1.71555,16.1761,0,-0.227027,0

-0.430141,-1.47137,-1.87798,1.58524,16.2057,0,-0.227027,0

-0.39296,-1.48104,-1.85853,1.52706,16.234,0,-0.227027,0

-0.343352,-1.49304,-1.83711,1.76313,16.2633,-0.280143,-0.735887,-0.147772

-0.293031,-1.50322,-1.81033,1.62931,16.2918,0,-0.227027,0

-0.254961,-1.51074,-1.79279,1.85901,16.3218,-0.238646,-0.682358,-0.177831

-0.204271,-1.51986,-1.77667,1.79947,16.35,-0.241201,-0.718804,-0.167922

-0.152711,-1.52799,-1.75609,1.8387,16.3802,-0.231606,-0.708462,-0.165771

-0.114274,-1.53373,-1.74448,1.59951,16.4069,-0.160245,-0.913611,-0.126499

-0.0623482,-1.53935,-1.70642,1.85046,16.4422,-0.212569,-0.695964,-0.18763

-0.0241535,-1.5423,-1.68408,1.7937,16.4758,-0.194278,-0.696785,-0.225889

0.0278923,-1.54391,-1.64743,1.64513,16.4997,-0.185118,-0.822121,-0.195359

0.0796386,-1.54425,-1.61679,1.86388,16.5248,-0.218735,-0.705584,-0.169114

0.130988,-1.54266,-1.57897,1.82186,16.5509,-0.235751,-0.735829,-0.14063

0.169081,-1.5394,-1.54324,1.27737,16.5818,0.192268,0.221851,0.182683

0.219491,-1.53193,-1.49063,1.57802,16.6137,0,-0.227027,0

0.256814,-1.52525,-1.45898,1.58162,16.6419,0,-0.227027,0

0.306626,-1.51449,-1.42112,1.59376,16.6704,0,-0.227027,0

0.35625,-1.50288,-1.38764,1.59768,16.6987,0,-0.227027,0

0.393159,-1.49263,-1.3558,1.58082,16.7271,0,-0.227027,0

0.441652,-1.47785,-1.32291,1.59931,16.7558,0,-0.227027,0

0.490465,-1.46199,-1.29942,1.60139,16.7858,0,-0.227027,0

0.527001,-1.44978,-1.28313,1.61332,16.8142,0,-0.227027,0

0.575692,-1.43273,-1.264,1.82706,16.8465,-0.22292,-0.702945,-0.183709

0.624265,-1.41498,-1.24587,1.84774,16.8713,-0.225874,-0.71331,-0.162051

0.660148,-1.40083,-1.22356,1.27787,16.8972,0.208299,0.221984,0.191699

0.70636,-1.37959,-1.1798,1.58469,16.926,-0.144386,-1,0.0941222

0.739754,-1.36187,-1.14415,1.56632,16.9554,0,-0.227027,0

0.78367,-1.33717,-1.10993,1.79115,16.9871,-0.228899,-0.723859,-0.175464

0.826845,-1.31041,-1.07244,1.56707,17.0185,0,-0.227027,0

0.858349,-1.28992,-1.04525,1.57069,17.0485,0,-0.227027,0

0.901557,-1.26238,-1.04595,1.59764,17.0785,0,-0.227027,0

0.945226,-1.23539,-1.04146,1.61874,17.1063,-0.147491,-0.840916,-0.211716

0.977944,-1.21499,-1.03162,1.61014,17.13,-0.135357,-0.844295,-0.221809

1.0212,-1.18756,-1.01035,1.83117,17.1544,-0.191746,-0.734279,-0.186729

1.0521,-1.16541,-0.978055,1.58012,17.183,-0.107781,-0.88674,-0.20609

1.09078,-1.1335,-0.927209,2.10011,17.2139,-0.181931,-0.654665,-0.17004

1.12711,-1.09911,-0.871332,1.53365,17.2404,0.0148695,-1,0.0373443

1.16113,-1.06294,-0.824478,1.56102,17.2708,-0.0638876,-1,0.0302858

1.18605,-1.03477,-0.795757,1.55394,17.2985,-0.0441133,-1,-0.0638205

1.21743,-0.996248,-0.751929,1.54827,17.3259,0.00975662,-1,0.156094

1.24046,-0.966798,-0.721916,1.53985,17.3581,0.0232797,-1,-0.139585

1.26896,-0.926342,-0.672689,1.3737,17.3925,0.349897,0.27359,0.206776

1.29443,-0.883958,-0.614498,1.52277,17.4205,0,0,0

1.31182,-0.851674,-0.575101,1.7523,17.4499,-0.230315,-0.687727,-0.235513

1.33359,-0.807507,-0.530626,1.53527,17.4775,0,-0.227027,0

1.35464,-0.762911,-0.498576,2.04758,17.5028,-0.221521,-0.613927,-0.171531

1.36996,-0.728883,-0.47817,1.76547,17.5311,-0.255437,-0.678136,-0.229299

1.38997,-0.683145,-0.449817,1.78272,17.5588,-0.261486,-0.678322,-0.212838

1.40794,-0.636662,-0.412309,1.55197,17.5879,0,-0.227027,0

1.42004,-0.601464,-0.386689,1.56602,17.6157,0,-0.227027,0

1.43514,-0.553927,-0.35422,1.76767,17.6452,-0.27625,-0.672428,-0.232809

1.44575,-0.518012,-0.335974,1.59687,17.6728,0,-0.227027,0

1.45946,-0.470092,-0.314464,1.04245,17.7028,0.134487,0.173715,0.100879

1.47384,-0.421478,-0.309381,1.58921,17.7308,0,-0.227027,0

1.48445,-0.38495,-0.302854,1.61586,17.7608,0,-0.227027,0

1.49761,-0.335785,-0.278676,1.83038,17.7899,-0.198642,-0.653289,-0.241067

1.50923,-0.285612,-0.259792,2.17094,17.8175,-0.178221,-0.602408,-0.175991

1.5171,-0.248208,-0.236473,1.59076,17.8434,0,-0.227027,0

1.52493,-0.197469,-0.202293,1.83876,17.8738,-0.197118,-0.663177,-0.230198

1.53239,-0.147056,-0.189476,1.4375,17.9004,1.16597,-0.854212,-0.111875

1.53819,-0.108256,-0.184837,1.63196,17.9243,-0.149054,-0.781025,-0.272889

1.54673,-0.0565355,-0.187883,1.89134,17.9467,-0.187074,-0.694059,-0.197948

1.55581,-0.00483376,-0.178017,1.65849,17.9704,-0.16217,-0.825084,-0.191306

1.5607,0.0339815,-0.152188,1.63942,17.9947,-0.152789,-0.842263,-0.190013

1.56405,0.0852196,-0.102729,1.59551,18.0199,-0.133579,-0.92159,-0.094201

1.56385,0.123299,-0.0629098,1.27065,18.0466,0.310677,0.188959,0.269058

1.56082,0.173676,-0.00818237,1.56345,18.0777,-0.0847347,-0.986923,0.00835223

1.55491,0.223089,0.0435698,1.55311,18.1095,-0.0446646,-1,0.11974

1.54927,0.260429,0.0688657,1.56863,18.1395,-0.0906242,-0.958379,-0.100352

1.54071,0.309628,0.111446,1.55544,18.1686,-0.0506123,-1,0.00705604

1.53275,0.345829,0.153183,1.21119,18.1975,0.190694,0.204883,0.155472

1.51888,0.39299,0.210175,1.78032,18.2264,-0.231779,-0.726601,-0.17018

1.50178,0.438843,0.268184,1.52997,18.262,0,-0.227027,0

1.4822,0.484069,0.328094,1.579,18.29,0,-0.227027,0

1.4661,0.516831,0.361434,1.60914,18.32,0,-0.227027,0

1.44432,0.560918,0.389981,1.52718,18.3476,0,-0.227027,0

1.42766,0.594329,0.406503,1.55432,18.3772,0,-0.227027,0

1.40511,0.638989,0.436199,1.56769,18.4051,0,-0.227027,0

1.38122,0.683258,0.466971,1.62844,18.4351,0,-0.227027,0

1.36191,0.714481,0.497647,1.42463,18.4651,0,-0.227027,0

1.33426,0.757985,0.52233,1.62743,18.4909,0,-0.227027,0

1.30609,0.800415,0.545163,2.6344,18.5182,-0.155545,-0.550482,-0.129756

1.28485,0.831549,0.567861,1.83951,18.5469,-0.237399,-0.642039,-0.229352

1.25492,0.872905,0.591932,2.53915,18.5703,-0.163762,-0.561132,-0.134933

1.22428,0.912582,0.614413,1.58526,18.5966,0,-0.227027,0

1.20063,0.942173,0.639175,1.55575,18.6246,0,-0.227027,0

1.16694,0.981311,0.674216,1.9571,18.6529,-0.237545,-0.639197,-0.177452

1.13294,1.01912,0.697486,1.67248,18.6807,-0.325609,-0.833496,-0.110121

1.10628,1.04628,0.724157,1.50311,18.7076,0,-0.227027,0

1.07988,1.07319,0.742533,1.60061,18.7357,0,-0.227027,0

1.04239,1.10923,0.778142,1.89839,18.7625,-0.24529,-0.659382,-0.178519

1.00484,1.14288,0.796296,1.34649,18.7892,0.164078,0.252954,0.177796

0.975921,1.16814,0.815844,1.75879,18.8179,-0.249702,-0.719795,-0.191187

0.936378,1.20109,0.861361,1.54945,18.843,0,-0.227027,0

0.894849,1.23067,0.907827,1.5935,18.873,0,-0.227027,0

0.852066,1.25763,0.952045,1.58125,18.9033,0,-0.227027,0

0.819047,1.27684,0.982856,1.69736,18.9333,0,-0.227027,0

0.77458,1.30227,1.00987,1.81963,18.9633,-0.314677,-0.701166,-0.131795

0.729284,1.32699,1.03841,1.62533,18.9933,0,-0.227027,0

0.695836,1.34417,1.0487,1.49425,19.0233,0,-0.227027,0

0.649069,1.36876,1.07487,1.63015,19.052,0,-0.227027,0

0.602584,1.39167,1.09292,1.62688,19.082,0,-0.227027,0

0.566927,1.40806,1.11774,1.62315,19.1096,0,-0.227027,0

0.518809,1.42859,1.13599,1.29338,19.1397,0.16837,0.227694,0.176036

0.469848,1.44781,1.16972,1.8779,19.1682,-0.247087,-0.701517,-0.142528

0.433117,1.46156,1.19156,1.45715,19.1968,0,-0.227027,0

0.38355,1.4769,1.23016,1.82867,19.2265,-0.250849,-0.721255,-0.140445

0.346127,1.48696,1.26234,1.43738,19.2569,0.300045,0.276009,0.361555

0.295583,1.49846,1.29584,1.62396,19.2905,0,-0.227027,0

0.245072,1.50772,1.34071,1.58446,19.3218,0,-0.227027,0

0.206603,1.51325,1.36526,1.62694,19.3501,0,-0.227027,0

0.15528,1.52034,1.38964,2.15732,19.3801,-0.197268,-0.624088,-0.156264

0.103415,1.52714,1.40991,2.6082,19.4067,-0.158054,-0.581372,-0.124656

0.0647963,1.53153,1.42537,1.84631,19.4359,-0.218775,-0.702972,-0.177318

0.012938,1.53651,1.44955,1.41437,19.4638,0.430008,0.162457,0.463975

-0.0257454,1.53946,1.46652,1.30383,19.5032,-0.597346,-1,-0.9

-0.0777319,1.54231,1.47783,1.60617,19.5062,-0.490033,-1,-0.9

-0.130088,1.54602,1.48758,1.64823,19.5092,-0.476006,-1,-0.9

-0.168679,1.54704,1.52299,1.27111,19.5122,-0.60902,-1,-0.9

-0.218922,1.54436,-4.70517,1.7634,19.5152,-0.231177,-0.209445,0.755034

-0.268219,1.53776,-4.64543,1.52608,19.5628,0.047547,0.199485,0.385518

-0.304277,1.53054,-4.59984,1.54136,19.6075,0.0480288,0.19319,0.431092

-0.351768,1.51908,-4.56766,1.54483,19.6449,0.0494484,0.179449,0.470709

-0.387747,1.51106,-4.55376,1.5381,19.6868,0.0792538,0.00148096,0.687756

-0.436535,1.5002,-4.54555,1.56353,19.7309,-0.0721946,-0.951191,0.381161

-0.485633,1.49172,-4.55365,1.77096,19.767,-0.200233,-0.78394,-0.151871

-0.523278,1.48686,-4.55669,1.40235,19.7932,0.487919,-0.973167,0.261613

-0.572395,1.4776,-4.53738,2.08164,19.8281,-0.174501,-0.686717,-0.173154

-0.621609,1.46554,-4.4907,1.58438,19.8525,-0.113898,-0.928537,-0.129309

-0.656047,1.45329,-4.44905,1.71908,19.883,-0.170468,-0.80047,-0.19474

-0.702293,1.43509,-4.40624,1.79076,19.9145,-0.180739,-0.761934,-0.193133

-0.746635,1.41451,-4.34709,1.5199,19.9392,0.0251632,-1,0.0424667

-0.779431,1.39742,-4.31335,1.54287,19.9682,-0.0396243,-0.970857,-0.109771

-0.82174,1.37327,-4.26383,1.7399,19.9992,-0.188912,-0.76992,-0.18213

-0.862513,1.34565,-4.20659,1.69962,20.0256,-0.202068,-0.803917,-0.132514

-0.89175,1.32368,-4.17174,1.4908,20.051,0.573389,-0.913435,0.661437

-0.929271,1.29348,-4.11033,1.49338,20.0966,0.97576,-1,-0.340525

-0.956831,1.26815,-4.06218,1.59237,20.114,-0.129308,-0.944682,-0.131403

-0.982662,1.24196,-4.0255,1.75311,20.1496,-0.202528,-0.65969,-0.265805

-1.02446,1.19664,-3.95411,1.52874,20.176,0.257466,0.500776,0.328517

-1.04801,1.16689,-3.91122,1.84032,20.2076,-0.253843,-0.607116,-0.233855

-1.07854,1.1285,-3.87609,2.45277,20.2364,-0.171647,-0.545337,-0.14644

-1.10885,1.08815,-3.85135,1.84821,20.2649,-0.270459,-0.607743,-0.231236

-1.13259,1.05849,-3.85583,1.60282,20.2926,0,-0.227027,0

-1.16504,1.02,-3.84402,1.83968,20.3199,-0.226103,-0.627041,-0.24421

-1.18877,0.989669,-3.8379,1.59275,20.345,0,-0.227027,0

-1.21982,0.948691,-3.82936,1.45131,20.3725,1.19726,0.406783,-0.1391

-1.24447,0.918425,-3.82541,1.94356,20.3969,-0.191244,-0.626743,-0.218229

-1.27651,0.877957,-3.81712,1.60644,20.4207,-0.137484,-0.8044,-0.296961

-1.30606,0.835453,-3.78765,1.28875,20.4435,0.244265,0.242239,0.173972

-1.3331,0.791399,-3.74381,1.85615,20.475,-0.214652,-0.684105,-0.19385

-1.35097,0.757687,-3.70411,1.58047,20.5029,0,-0.227027,0

-1.37356,0.711551,-3.67726,1.62056,20.5308,0,-0.227027,0

-1.39088,0.676721,-3.66342,1.61607,20.5586,-0.161228,-0.828408,-0.252599

-1.41382,0.629668,-3.63453,1.94292,20.5846,-0.208356,-0.662705,-0.183053

-1.4352,0.583599,-3.60638,1.58257,20.6136,0,-0.227027,0

-1.4498,0.547509,-3.58084,1.6017,20.6397,-0.154732,-0.89425,-0.175956

-1.46807,0.49935,-3.55164,1.57906,20.6668,-0.122894,-0.979067,-0.0647241

-1.48449,0.449832,-3.52221,1.62997,20.7016,-0.178746,-0.850867,-0.176709

-1.49526,0.412644,-3.47613,1.81809,20.7267,-0.223022,-0.704636,-0.185901

-1.5067,0.362686,-3.42762,1.69734,20.7533,-0.260685,-0.804209,-0.114326

-1.51536,0.313348,-3.37093,1.52569,20.7821,0,-0.227027,0

-1.51924,0.275018,-3.33441,1.58778,20.8107,0,-0.227027,0

-1.52244,0.223824,-3.28251,2.58516,20.8407,-0.169582,-0.566669,-0.12434

-1.52467,0.172911,-3.24925,1.69306,20.8697,-0.517352,-0.783184,0.185649

-1.5267,0.134311,-3.23218,1.5046,20.9002,0,-0.227027,0

-1.52946,0.0836282,-3.2206,1.73382,20.9285,-0.31294,-0.756779,-0.129473

-1.53217,0.044669,-3.21376,1.57968,20.956,0,-0.227027,0

-1.53314,-0.00663382,-3.18121,1.43368,20.9876,0.241567,0.309659,0.253589

-1.53071,-0.0587174,-3.14059,1.66867,21.0192,0,-0.227027,0

-1.52796,-0.0973619,-3.11553,2.7407,21.0505,-0.145523,-0.549115,-0.123178

-1.52472,-0.148928,-3.11069,1.58257,21.0774,0,-0.227027,0

-1.52193,-0.201462,-3.1102,1.62557,21.1074,0,-0.227027,0

-1.52024,-0.240998,-3.10012,1.19917,21.1355,0.238139,0.215859,0.150841

-1.51726,-0.280036,-3.08395,1.65297,21.1637,-0.158095,-0.77235,-0.2585

-1.51236,-0.3329,-3.06027,1.71867,21.188,-0.184224,-0.76171,-0.210633

-1.50455,-0.384826,-3.0139,1.45073,21.2128,0.676594,-0.789213,0.636055

-1.49267,-0.4355,-2.96506,1.62696,21.2468,-0.175295,-0.876762,-0.124806

-1.48546,-0.460703,-2.93705,1.63293,21.2726,-0.165077,-0.826313,-0.212756

-1.46483,-0.521854,-2.87048,1.6035,21.3012,-0.186726,-0.967358,0.0839592

-1.44527,-0.569355,-2.8163,1.58282,21.3325,0,-0.227027,0

-1.42907,-0.604106,-2.78219,1.65358,21.3625,0,-0.227027,0

-1.41782,-0.627058,-2.76343,1.27941,21.3924,0.2033,0.246305,0.138266

-1.38893,-0.684374,-2.71887,6.47542,21.4243,-0.0501031,-0.433989,-0.0420651

-1.38268,-0.69598,-2.71192,1.09851,21.4561,0.195729,0.21089,0.0949411

-1.33876,-0.775079,-2.66875,1.60452,21.4854,0,-0.227027,0

-1.32045,-0.809275,-2.67016,1.56888,21.5114,0,-0.227027,0

-1.29734,-0.855709,-2.68087,1.63766,21.5376,-0.163184,-0.829567,-0.199341

-1.27349,-0.901466,-2.66169,1.54634,21.5619,-0.057329,-0.986646,-0.0666333

-1.25442,-0.935574,-2.64062,1.8986,21.5885,-0.194618,-0.708776,-0.180547

-1.22614,-0.978721,-2.59574,1.43885,21.6144,0.59583,-0.639731,0.656539

-1.19563,-1.01849,-2.53782,1.55993,21.6491,-0.0705437,-1,0.0188596

-1.17008,-1.0475,-2.49694,1.58058,21.677,-0.114153,-0.958772,-0.0628743

-1.13561,-1.08317,-2.44285,1.81591,21.7121,-0.216393,-0.712564,-0.181995

-1.10809,-1.10855,-2.40025,1.54867,21.7392,3.36397,-1,-0.9

-1.07018,-1.13995,-2.34019,1.74644,21.7703,-0.246608,-0.725251,-0.186138

-1.02993,-1.16908,-2.27365,1.53373,21.7985,0,-0.227027,0

-0.998672,-1.18965,-2.22977,1.50758,21.8268,0,-0.227027,0

-0.955656,-1.21519,-2.18496,1.46885,21.8583,0.119964,0.30556,0.158345

-0.933158,-1.22875,-2.16545,0.650085,21.8921,0.0835962,0.0719136,0.0642506

-0.878244,-1.25784,-2.12143,1.92663,21.9234,-0.254961,-0.592392,-0.221362

-0.844714,-1.27673,-2.11943,1.60262,21.9508,0,-0.227027,0

-0.789689,-1.31068,-2.13778,1.82363,21.979,-0.228751,-0.653947,-0.230621

-0.758254,-1.33183,-2.14923,1.82425,22.0067,-0.197171,-0.653271,-0.244605

-0.715619,-1.35937,-2.142,1.62182,22.032,0,-0.227027,0

-0.671818,-1.38541,-2.12468,2.7115,22.061,-0.139316,-0.559794,-0.128784

-0.63705,-1.40459,-2.10043,1.79751,22.0842,-0.191696,-0.696063,-0.226446

-0.590624,-1.42834,-2.06811,1.68947,22.1072,-0.194583,-0.780557,-0.200284

-0.554401,-1.44533,-2.03181,1.70153,22.1312,-0.205208,-0.777296,-0.188359

-0.506465,-1.46392,-1.98231,1.88088,22.1571,-0.228276,-0.699753,-0.159143

-0.457739,-1.47997,-1.93433,1.25585,22.1842,0.1441,0.203222,0.167577

-0.42105,-1.48946,-1.89782,1.57185,22.2167,0,-0.227027,0

-0.371194,-1.50091,-1.84924,1.63473,22.2461,-0.305028,-0.932916,0.110441

-0.321348,-1.5095,-1.81281,1.44236,22.2746,0.160231,0.274578,0.261361

-0.283103,-1.51642,-1.79459,1.87136,22.3056,-0.243637,-0.680633,-0.169247

-0.232734,-1.5236,-1.75599,1.57314,22.3339,0,-0.227027,0

-0.19455,-1.52825,-1.73549,1.62839,22.3623,0,-0.227027,0

-0.143502,-1.53361,-1.7142,1.60374,22.3903,0,-0.227027,0

-0.0924738,-1.53863,-1.69341,1.80215,22.4226,-0.239671,-0.715854,-0.170781

-0.0414983,-1.54201,-1.6663,1.81724,22.449,-0.246024,-0.722425,-0.149366

-0.00305898,-1.54384,-1.65378,3.13917,22.4759,-0.123539,-0.539747,-0.102123

0.0482699,-1.54701,-1.64711,1.55242,22.5025,-0.0519994,-1,0.0912878

0.087183,-1.54777,-1.62335,1.27495,22.5344,0.269531,0.226519,0.200272

0.137482,-1.5461,-1.57187,1.57351,22.5639,-0.108516,-0.979787,-0.0677944

0.187452,-1.54065,-1.51776,1.54734,22.5997,0,-0.227027,0

0.224708,-1.53419,-1.47702,1.56067,22.6287,0,-0.227027,0

0.26173,-1.52609,-1.4368,1.5889,22.6587,0,-0.227027,0

0.323186,-1.51126,-1.39467,6.4021,22.6893,-0.0507318,-0.434473,-0.0426201

0.360395,-1.50204,-1.37587,1.42069,22.7167,0.350382,0.322622,0.224561

0.410328,-1.4902,-1.36822,1.84825,22.7454,-0.212463,-0.67963,-0.202849

0.448022,-1.48127,-1.3534,1.84382,22.7687,-0.207803,-0.684853,-0.203808

0.497244,-1.46698,-1.3145,1.42173,22.794,0.393579,0.252847,0.361044

0.544927,-1.44945,-1.26545,1.81428,22.8307,-0.22373,-0.695067,-0.196962

0.579545,-1.43423,-1.22717,1.57832,22.8567,0,-0.227027,0

0.625428,-1.41293,-1.19808,1.57702,22.8828,0,-0.227027,0

0.671996,-1.39208,-1.1842,1.59746,22.9107,0,-0.227027,0

0.70611,-1.37557,-1.15829,1.57158,22.9388,0,-0.227027,0

0.751496,-1.35231,-1.13073,1.59731,22.9699,0,-0.227027,0

0.796846,-1.32791,-1.11128,2.56461,22.9999,-0.154984,-0.578291,-0.133064

0.831265,-1.3098,-1.11006,1.62682,23.0246,-0.159726,-0.830395,-0.215229

0.877221,-1.28591,-1.10337,3.2509,23.0481,-0.116009,-0.543053,-0.0995447

0.910817,-1.26707,-1.08107,1.59847,23.0736,-0.132319,-0.882116,-0.17675

0.953733,-1.23976,-1.03573,3.15663,23.1007,-0.121328,-0.550529,-0.102402

0.99465,-1.21006,-0.99209,1.57561,23.1267,-0.110148,-0.984438,0.0756267

1.02389,-1.18649,-0.957218,2.08036,23.1553,-0.196806,-0.659609,-0.157495

1.06151,-1.15313,-0.911662,1.56306,23.1866,-0.0703263,-1,0.0931818

1.09716,-1.11818,-0.859403,1.55658,23.2161,-0.00353541,-1,0.458369

1.1228,-1.09111,-0.823681,1.24647,23.257,0.213809,0.229044,0.14623

1.15496,-1.05333,-0.775694,1.56111,23.295,0,-0.227027,0

1.17747,-1.02381,-0.733009,1.38673,23.3223,0.378194,0.323746,0.0965906

1.20616,-0.982702,-0.682103,1.57311,23.3507,0,-0.227027,0

1.23372,-0.940736,-0.643178,1.80648,23.3807,-0.231484,-0.648884,-0.240849

1.25386,-0.908803,-0.618896,1.79001,23.4083,-0.221835,-0.641423,-0.264077

1.28045,-0.865746,-0.594313,1.58943,23.4333,0,-0.227027,0

1.3,-0.83289,-0.578843,1.59821,23.4609,0,-0.227027,0

1.3253,-0.7888,-0.552712,1.81978,23.4905,-0.21556,-0.645819,-0.245231

1.34378,-0.755231,-0.530641,1.16081,23.519,0.183155,0.224336,0.0989204

1.37225,-0.698575,-0.49947,1.59059,23.5463,0,-0.227027,0

1.38833,-0.663561,-0.478148,2.12909,23.5752,-0.186838,-0.595903,-0.183288

1.41047,-0.617761,-0.472292,2.58149,23.6034,-0.149129,-0.559673,-0.137948

1.42641,-0.582664,-0.452326,1.59515,23.6266,0,-0.227027,0

1.4411,-0.547742,-0.432327,1.57484,23.6544,0,-0.227027,0

1.46361,-0.487663,-0.392121,1.85025,23.6837,-0.207111,-0.673886,-0.210452

1.47618,-0.451356,-0.373955,1.42444,23.7116,0,-0.227027,0

1.49193,-0.402784,-0.345845,1.8254,23.7416,-0.197069,-0.680004,-0.223497

1.50547,-0.35332,-0.312756,1.59565,23.7637,-0.147579,-0.90422,-0.174635

1.51521,-0.315946,-0.294477,1.59775,23.7921,-0.136343,-0.85469,-0.241334

1.52603,-0.266097,-0.255879,1.26934,23.817,0.212241,0.226963,0.175271

1.53451,-0.216054,-0.221806,2.53854,23.8451,-0.159802,-0.585706,-0.13168

1.53996,-0.178856,-0.195666,1.54882,23.8719,0,-0.227027,0

1.54445,-0.128209,-0.148734,1.56625,23.9002,0,-0.227027,0

1.54616,-0.0903145,-0.115696,2.1089,23.9332,-0.193391,-0.621957,-0.171382

1.54688,-0.0396952,-0.0778787,1.57595,23.9598,0,-0.227027,0

1.54706,0.0112162,-0.0618706,1.59043,23.9862,0,-0.227027,0

1.5484,0.0496935,-0.0589936,1.61387,24.0162,0,-0.227027,0

1.54934,0.100539,-0.0365973,2.12755,24.0475,-0.183271,-0.632771,-0.17044

1.54857,0.151852,-0.0130995,1.60807,24.0715,-0.151769,-0.887604,-0.147599

1.54738,0.190677,0.00563133,1.62744,24.0966,-0.160389,-0.852539,-0.17718

1.54257,0.241429,0.0494146,1.58697,24.1214,-0.132509,-0.957591,-0.0208931

1.53702,0.279127,0.0861525,1.59193,24.1501,-0.137092,-0.934184,-0.0913531

1.52678,0.328487,0.13646,1.55739,24.1789,-0.0379194,-1,0.207807

1.51381,0.376598,0.189817,2.06662,24.2095,-0.212664,-0.649472,-0.151479

1.50219,0.411945,0.232721,1.51129,24.2353,0.421992,0.210997,0.878993

1.48452,0.457597,0.285614,1.53046,24.2741,0,-0.227027,0

1.46468,0.503145,0.333045,1.48539,24.3041,0,-0.227027,0

1.44883,0.537461,0.361605,1.55647,24.3322,0,-0.227027,0

1.42773,0.582733,0.377327,1.73721,24.3623,-0.264694,-0.714032,-0.214294

1.41145,0.617716,0.397349,1.41657,24.388,0.23005,0.317995,0.172193

1.3892,0.663123,0.419735,1.80493,24.4183,-0.23614,-0.675465,-0.2162

1.36732,0.708988,0.425714,1.56417,24.4442,0,-0.227027,0

1.34563,0.755032,0.423201,1.80938,24.4742,-0.207748,-0.700989,-0.205227

1.32926,0.789859,0.428185,1.44037,24.4978,0.941325,-0.996649,0.138817

1.30708,0.835672,0.441986,1.83421,24.5278,-0.191014,-0.704908,-0.206232

1.28907,0.870337,0.465114,1.6573,24.556,-0.156465,-0.780793,-0.249796

1.26239,0.914232,0.509129,1.60375,24.5835,-0.13371,-0.8513,-0.22227

1.23477,0.957723,0.528849,2.15028,24.6123,-0.177537,-0.642856,-0.167509

1.21411,0.989947,0.543798,1.59828,24.638,-0.122525,-0.850887,-0.232994

1.18474,1.0331,0.562764,2.41057,24.6663,-0.157145,-0.616291,-0.147574

1.15516,1.07471,0.595455,2.08157,24.6954,-0.178414,-0.669535,-0.173105

1.13139,1.10591,0.622763,2.12792,24.7201,-0.175156,-0.661125,-0.169714

1.09795,1.14548,0.661535,1.67425,24.7451,-0.169528,-0.83409,-0.167287

1.06282,1.18317,0.706326,1.6331,24.7734,-0.157478,-0.883837,-0.115707

1.0357,1.21122,0.733729,1.89224,24.8025,-0.192173,-0.721979,-0.176688

0.997727,1.24587,0.785249,1.60797,24.8287,-0.141081,-0.918361,-0.0600875

0.96803,1.2702,0.828392,1.6027,24.8569,-0.134084,-0.913809,-0.0810743

0.93766,1.29233,0.869095,1.54472,24.8884,-0.0198122,-0.977837,-0.109026

0.89519,1.31971,0.93046,1.79635,24.9201,-0.208983,-0.717931,-0.182916

0.851604,1.34428,0.977608,1.59812,24.9526,-0.133032,-0.905102,-0.132277

0.807473,1.36629,1.02485,1.3919,24.9834,0.245367,0.259941,0.213479

0.761512,1.3889,1.07021,3.14797,25.0117,-0.123172,-0.528607,-0.101969

0.72666,1.40348,1.10155,1.555,25.0407,3.57643,-1,2.66878

0.680137,1.42289,1.13643,1.5924,25.0897,-0.0980667,-0.717727,-0.434669

0.643537,1.43659,1.16862,1.83472,25.1082,-0.208578,-0.631443,-0.24366

0.594579,1.45212,1.21512,2.16021,25.137,-0.189935,-0.579558,-0.178452

0.557469,1.46203,1.25036,1.60753,25.1638,0,-0.227027,0

0.507718,1.47352,1.2889,1.61003,25.193,0,-0.227027,0

0.457623,1.48315,1.32958,2.11741,25.2224,-0.207104,-0.573435,-0.185406

0.407115,1.49121,1.36289,1.57117,25.2478,0,-0.227027,0

0.368544,1.49707,1.3873,1.64323,25.2754,0,-0.227027,0

0.317346,1.50301,1.41704,1.63724,25.3032,0,-0.227027,0

0.266118,1.50686,1.45273,2.59238,25.3332,-0.164789,-0.5405,-0.133863

0.227512,1.50876,1.47134,1.61964,25.3607,0,-0.227027,0

0.188497,1.51091,1.48943,2.1813,25.3865,-0.203495,-0.566915,-0.178891

0.137004,1.51294,1.4967,1.61413,25.412,0,-0.227027,0

0.0852176,1.51553,1.50867,1.85137,25.4383,-0.261198,-0.64606,-0.209758

0.0337235,1.51571,1.54143,2.15293,25.4655,-0.213895,-0.598284,-0.162439

-0.0049978,1.51414,1.57052,1.61669,25.4939,0,-0.227027,0

-0.055967,1.50938,-4.66582,1.61233,25.5223,0,-0.227027,0

-0.0940728,1.50468,-4.64106,2.52419,25.5536,-0.16841,-0.550969,-0.138211

-0.144927,1.49771,-4.61747,1.61588,25.5819,0,-0.227027,0

-0.195702,1.49004,-4.60425,1.59181,25.6083,0,-0.227027,0

-0.234048,1.48494,-4.59804,2.58562,25.6396,-0.156897,-0.552991,-0.133832

-0.284938,1.47782,-4.60134,1.58598,25.6666,0,-0.227027,0

-0.336264,1.47026,-4.59135,2.62479,25.6946,-0.151156,-0.566448,-0.128847

-0.374899,1.46485,-4.59023,1.63952,25.7189,-0.177586,-0.79568,-0.221964

-0.426433,1.45645,-4.57834,1.86755,25.7432,-0.205136,-0.698606,-0.179365

-0.476979,1.44709,-4.54878,1.82848,25.7681,-0.215187,-0.731338,-0.157218

-0.514385,1.43731,-4.51033,1.6108,25.797,-0.168077,-0.888674,-0.108136

-0.562843,1.42298,-4.45719,1.53964,25.8279,0,-0.227027,0

-0.610082,1.40494,-4.41446,1.82295,25.8586,-0.233616,-0.731822,-0.14547

-0.644453,1.38977,-4.37723,1.31108,25.8856,0.195898,0.229197,0.206707

-0.69066,1.36772,-4.34576,1.83413,25.9172,-0.23275,-0.71948,-0.154906

-0.724231,1.35054,-4.31067,1.5765,25.9441,0,-0.227027,0

-0.769458,1.32672,-4.27469,1.61783,25.9726,-0.222714,-0.938329,0.0354951

-0.81299,1.30083,-4.24888,1.84954,26.0029,-0.237381,-0.716462,-0.147651

-0.845914,1.28203,-4.22597,1.39483,26.0298,0.291478,0.244959,0.32355

-0.888699,1.25466,-4.20254,1.41255,26.0615,0.402762,0.193258,0.430138

-0.930556,1.22594,-4.16443,1.87237,26.0952,-0.218495,-0.699538,-0.170953

-0.961656,1.20521,-4.11774,1.53377,26.1235,0,-0.227027,0

-1.00318,1.17384,-4.12612,1.3669,26.1582,0.698401,0.111854,0.339833

-1.04605,1.14504,-4.12149,1.87614,26.1878,-0.188288,-0.70121,-0.197394

-1.07891,1.12234,-4.11297,1.84836,26.2118,-0.18266,-0.716422,-0.203148

-1.12097,1.09098,-4.08297,2.12222,26.2358,-0.179578,-0.666472,-0.163733

-1.1501,1.06525,-4.05847,4.32883,26.267,-0.0810059,-0.500145,-0.0713435

-1.18788,1.03061,-4.00765,1.26793,26.293,0.405129,0.165603,0.287571

-1.22281,0.991817,-3.96963,1.63601,26.3239,-0.155841,-0.859668,-0.163616

-1.24954,0.963672,-3.94827,1.66688,26.3488,-0.165643,-0.829972,-0.181084

-1.2844,0.926052,-3.93198,1.89943,26.3793,-0.185773,-0.724637,-0.183262

-1.31813,0.887037,-3.88595,1.59404,26.4048,-0.124785,-0.925294,-0.101721

-1.34117,0.854987,-3.84398,1.71934,26.4316,-0.186465,-0.808968,-0.157889

-1.36987,0.813609,-3.79761,1.75627,26.4602,-0.2003,-0.791122,-0.143941

-1.39482,0.769106,-3.74237,1.85589,26.4874,-0.219593,-0.745844,-0.12976

-1.41213,0.735938,-3.69794,1.55875,26.5218,-0.0507601,-0.994443,0.0271689

-1.43206,0.68982,-3.64325,1.85078,26.549,-0.227677,-0.719584,-0.141603

-1.44547,0.654969,-3.60235,1.49889,26.5847,0.965906,-1,0.673109

-1.4623,0.607497,-3.56391,1.59042,26.6274,-0.105862,-0.818111,-0.310726

-1.47827,0.55906,-3.52159,1.51559,26.6497,1.70963,-1,0.702678

-1.48875,0.522488,-3.48241,1.87072,26.6797,-0.209843,-0.647555,-0.213353

-1.50033,0.472479,-3.43068,1.51949,26.7057,0.981736,0.666582,0.925257

-1.50816,0.421979,-3.37204,1.45685,26.742,0,-0.227027,0

-1.51249,0.383516,-3.33429,1.65042,26.772,0,-0.227027,0

-1.51631,0.332345,-3.28681,1.56016,26.7995,0,-0.227027,0

-1.51837,0.294278,-3.25779,1.54287,26.8271,0,-0.227027,0

-1.52011,0.241285,-3.22788,1.91269,26.856,-0.264813,-0.589494,-0.224089

-1.52158,0.18982,-3.20459,1.79592,26.8814,-0.344438,-0.625878,-0.235067

-1.52178,0.150454,-3.18289,1.63323,26.9065,0,-0.227027,0

-1.52045,0.110651,-3.15582,1.98274,26.9324,-0.25499,-0.588417,-0.20378

-1.51583,0.0473703,-3.10109,1.84642,26.9596,-0.439359,-0.613535,-0.153855

-1.51123,0.00895151,-3.07604,1.37358,26.9881,0.106354,0.272142,0.126663

-1.5032,-0.0423483,-3.0395,1.6214,27.0186,0,-0.227027,0

-1.49357,-0.0928919,-3.00355,4.26397,27.0506,-0.0867561,-0.467563,-0.0685557

-1.48577,-0.130548,-2.97896,1.5659,27.0779,0,-0.227027,0

-1.47406,-0.181855,-2.96108,1.57742,27.106,0,-0.227027,0

-1.46572,-0.22037,-2.9541,1.90956,27.136,-0.315639,-0.597517,-0.216593

-1.45384,-0.271058,-2.92999,1.88199,27.1635,-0.34793,-0.615183,-0.199225

-1.4403,-0.321361,-2.90176,4.44338,27.1893,-0.0823486,-0.467792,-0.064616

-1.4291,-0.358274,-2.88067,1.64724,27.2171,0,-0.227027,0

-1.41311,-0.408039,-2.86296,1.83984,27.2465,-0.38451,-0.648478,-0.159506

-1.39581,-0.456823,-2.83301,1.602,27.2749,0,-0.227027,0

-1.38185,-0.493137,-2.81396,1.83521,27.3034,-0.372987,-0.654449,-0.155996

-1.36269,-0.541536,-2.79352,3.20031,27.329,-0.129372,-0.523541,-0.0955501

-1.34157,-0.589742,-2.76231,1.61204,27.358,0,-0.227027,0

-1.32491,-0.623801,-2.7273,1.59392,27.3873,0,-0.227027,0

-1.29995,-0.669514,-2.69432,1.45912,27.4192,0.0922831,0.294178,0.189635

-1.28112,-0.703271,-2.67322,1.81562,27.4496,-0.389934,-0.672888,-0.122275

-1.25432,-0.748658,-2.64571,2.27208,27.4794,-0.218888,-0.593974,-0.13583

-1.2285,-0.79366,-2.64563,1.46673,27.5069,0.109546,0.289303,0.239995

-1.20871,-0.826936,-2.62725,1.62196,27.5378,0,-0.227027,0

-1.18161,-0.871754,-2.61127,1.71343,27.5678,-0.327507,-0.769443,-0.0567848

-1.16023,-0.904755,-2.5972,2.28022,27.5973,-0.190141,-0.600429,-0.141448

-1.13175,-0.948563,-2.58542,2.65456,27.6265,-0.15519,-0.572756,-0.119532

-1.10241,-0.990992,-2.55346,1.61185,27.6537,-0.243797,-0.89937,0.169181

-1.0784,-1.02204,-2.52484,1.83433,27.6845,-0.239713,-0.707739,-0.14351

-1.04515,-1.06039,-2.47441,1.58573,27.712,0,-0.227027,0

-1.01821,-1.08812,-2.43993,1.60968,27.7477,0,-0.227027,0

-0.971679,-1.13281,-2.39477,1.97154,27.7764,-0.249947,-0.681815,-0.120562

-0.943494,-1.15861,-2.36915,1.6138,27.8052,0,-0.227027,0

-0.90495,-1.19243,-2.34018,1.54454,27.8348,0,-0.227027,0

-0.875893,-1.21736,-2.31785,1.45019,27.8638,0.2408,0.22425,0.437997

-0.836408,-1.24973,-2.29096,1.41993,27.8968,0.249216,0.226802,0.378749

-0.795276,-1.28112,-2.2597,3.23547,27.9295,-0.12151,-0.542227,-0.0957142

-0.764277,-1.30499,-2.25556,1.62519,27.9577,0,-0.227027,0

-0.722388,-1.33594,-2.23354,1.85884,27.9855,-0.217253,-0.726608,-0.147135

-0.69027,-1.35808,-2.20932,1.62097,28.0196,-0.161298,-0.851245,-0.158581

-0.646872,-1.38653,-2.1789,1.63093,28.0457,-0.174167,-0.869402,-0.107123

-0.601955,-1.412,-2.13811,1.42724,28.072,0.433798,-0.178243,0.679386

-0.56836,-1.42879,-2.10793,1.8557,28.1135,-0.1942,-0.710191,-0.189412

-0.520961,-1.44952,-2.05499,1.34045,28.1429,0.400903,0.187655,0.328937

-0.473211,-1.46762,-2.00185,1.64754,28.1732,-0.196586,-0.857112,-0.115272

-0.434564,-1.48207,-1.95283,1.47478,28.199,0.576312,-0.215485,0.91062

-0.385571,-1.49601,-1.90907,1.55696,28.2392,0,-0.227027,0

-0.335526,-1.50707,-1.8614,2.04601,28.2673,-0.211466,-0.650353,-0.158398

-0.297327,-1.51485,-1.83143,1.59002,28.294,0,-0.227027,0

-0.246563,-1.52461,-1.80379,2.16639,28.324,-0.196697,-0.628596,-0.152895

-0.208501,-1.53052,-1.77991,1.57578,28.3499,0,-0.227027,0

-0.15708,-1.53839,-1.75704,1.61074,28.3783,-0.187907,-0.931212,-0.0427801

-0.106057,-1.545,-1.72766,1.63865,28.4056,-0.219976,-0.896453,-0.0219568

-0.0681155,-1.54878,-1.70333,1.54771,28.4336,-0.00935386,-1,0.202444

-0.0171012,-1.55061,-1.65892,1.59143,28.463,-0.163818,-0.992473,0.123337

0.0338771,-1.54924,-1.60389,1.57693,28.4941,0,-0.227027,0

0.0709602,-1.54602,-1.56301,1.5719,28.5227,0,-0.227027,0

0.120509,-1.5392,-1.50347,1.73928,28.5538,-0.334313,-0.761727,-0.0798469

0.157355,-1.53189,-1.46856,1.5711,28.583,0,-0.227027,0

0.206674,-1.52219,-1.4379,2.10753,28.6129,-0.223068,-0.614283,-0.157181

0.256164,-1.51198,-1.41499,1.58403,28.6398,0,-0.227027,0

0.293529,-1.50434,-1.40433,1.59267,28.6699,0,-0.227027,0

0.343812,-1.49505,-1.39963,1.60074,28.6982,0,-0.227027,0

0.39423,-1.48453,-1.37971,1.43279,28.7247,0.273864,0.277536,0.333086

0.4317,-1.47577,-1.36415,1.82868,28.7602,-0.209595,-0.683853,-0.209817

0.481747,-1.46269,-1.33813,1.83628,28.7911,-0.206927,-0.686195,-0.206257

0.530555,-1.44694,-1.29945,1.60861,28.8167,0,-0.227027,0

0.566355,-1.43325,-1.26428,1.58437,28.8467,0,-0.227027,0

0.613004,-1.41284,-1.21719,1.83533,28.8772,-0.226581,-0.684898,-0.194692

0.647843,-1.39661,-1.19281,1.60041,28.9032,0,-0.227027,0

0.694035,-1.37442,-1.16749,1.84432,28.9347,-0.216588,-0.678577,-0.202748

0.739796,-1.35117,-1.13751,1.60028,28.9627,0,-0.227027,0

0.774009,-1.33289,-1.12065,1.60648,28.9927,0,-0.227027,0

0.820445,-1.30902,-1.1162,1.8625,29.0186,-0.20138,-0.689879,-0.197233

0.866589,-1.28458,-1.106,1.86968,29.0422,-0.203242,-0.709239,-0.178817

0.900718,-1.2659,-1.08555,1.62275,29.0671,-0.156561,-0.858905,-0.171407

0.944024,-1.23864,-1.04032,1.58956,29.0941,-0.134891,-0.939543,-0.0632789

0.985071,-1.20857,-0.989064,2.09837,29.1208,-0.203822,-0.663601,-0.145148

1.01425,-1.18444,-0.949055,1.59839,29.1519,-0.157386,-0.949272,-0.0207438

1.05119,-1.15027,-0.895335,1.78585,29.1842,-0.238392,-0.740536,-0.1489

1.0775,-1.12353,-0.858648,1.56542,29.2177,0,-0.227027,0

1.11098,-1.08656,-0.805517,4.10416,29.2477,-0.0879452,-0.487573,-0.0735359

1.1421,-1.04768,-0.751701,1.57003,29.275,0,-0.227027,0

1.16473,-1.01806,-0.721921,1.54927,29.3034,0,-0.227027,0

1.19435,-0.977778,-0.690446,1.55873,29.3334,0,-0.227027,0

1.22337,-0.93669,-0.657043,1.56878,29.3634,0,-0.227027,0

1.24472,-0.905325,-0.638473,1.59221,29.3914,0,-0.227027,0

1.2727,-0.862649,-0.617052,1.59236,29.4196,0,-0.227027,0

1.30027,-0.819516,-0.593083,1.60378,29.4475,0,-0.227027,0

1.31943,-0.786416,-0.563696,1.81155,29.477,-0.244347,-0.678066,-0.20539

1.34384,-0.741682,-0.534364,1.5838,29.5036,0,-0.227027,0

1.36082,-0.707575,-0.511263,1.55924,29.5317,0,-0.227027,0

1.38241,-0.66134,-0.47972,1.85771,29.5599,-0.244166,-0.670235,-0.18744

1.40277,-0.614742,-0.449823,1.80589,29.588,-0.261943,-0.700148,-0.173986

1.41717,-0.579212,-0.433076,2.16204,29.6184,-0.194024,-0.60528,-0.166651

1.43639,-0.531667,-0.413573,1.60256,29.6448,0,-0.227027,0

1.44977,-0.495494,-0.390921,1.60322,29.6748,0,-0.227027,0

1.46693,-0.446681,-0.366754,1.6012,29.7017,0,-0.227027,0

1.48321,-0.398088,-0.351252,1.60038,29.7285,0,-0.227027,0

1.49795,-0.34864,-0.325057,1.82649,29.7568,-0.224975,-0.71596,-0.1691

1.50836,-0.311337,-0.304752,1.41455,29.7881,0.86479,0.0665631,0.503795

1.52001,-0.26111,-0.272139,1.85369,29.8189,-0.207827,-0.695756,-0.190425

1.52734,-0.222964,-0.243057,1.84734,29.8513,-0.19612,-0.681706,-0.213367

1.53501,-0.172447,-0.201389,1.57444,29.8757,0,-0.227027,0

1.53939,-0.120946,-0.148684,1.60629,29.9057,0,-0.227027,0

1.54068,-0.0826971,-0.107968,1.80453,29.9339,-0.232023,-0.701669,-0.190472

1.54052,-0.0313023,-0.0701997,1.62732,29.962,0,-0.227027,0

1.53895,0.0199773,-0.0311117,1.59392,29.99,0,-0.227027,0

1.53659,0.0583247,-0.00133643,1.59272,30.0185,0,-0.227027,0

1.53302,0.109611,0.0254398,1.58413,30.0469,0,-0.227027,0

1.52905,0.148146,0.0495745,1.28166,30.0752,0.163311,0.230829,0.153316

1.52316,0.199772,0.0743235,1.84991,30.1067,-0.235638,-0.6865,-0.179975

1.51533,0.250937,0.103992,1.43328,30.1334,0.235943,0.282559,0.303931

1.50968,0.289717,0.110942,1.87575,30.1635,-0.217855,-0.680603,-0.186327

1.50188,0.341203,0.122319,1.64991,30.1892,-0.202351,-0.843394,-0.141418

1.49239,0.391704,0.158769,1.82855,30.2239,-0.215258,-0.710142,-0.182177

1.48295,0.428589,0.197825,1.58283,30.2487,0,-0.227027,0

1.46732,0.477269,0.247641,1.56397,30.2772,0,-0.227027,0

1.44951,0.526196,0.288275,1.65949,30.3054,-0.279874,-0.877026,0.00708115

