1.96032,-0.0168588,-6.23924,0.00104795,0.012,0.447488,-4.54195e-06,0.0612151
1.9612,-0.0151267,-6.24307,0.0149869,0.0425978,0.695146,-0.00174946,-0.0787869
1.96147,-0.00751658,-6.24085,0.0501845,0.0684214,0.848521,-0.0123797,-0.251996
1.96085,0.00144742,-6.24132,0.119526,0.0890756,0.935504,-0.0451867,-0.426492
1.96101,0.0177063,-6.23888,0.206665,0.104912,0.970261,-0.101183,-0.561125
1.96116,0.0377921,-6.24277,0.312172,0.116664,0.979008,-0.189792,-0.683526
1.96072,0.0552772,-6.23695,0.431646,0.12519,0.949458,-0.295877,-0.770654
1.95918,0.0812981,-6.237,0.563948,0.13135,0.901115,-0.437078,-0.837831
1.95622,0.110104,-6.22734,0.706273,0.135853,0.82562,-0.585466,-0.861216
1.95376,0.133612,-6.21934,0.826596,0.139928,0.735738,-0.712631,-0.867834
1.94884,0.165988,-6.19724,0.926665,0.145053,0.674371,-0.814363,-0.756601
1.94257,0.200035,-6.16412,0.990417,0.152715,0.646297,-0.871387,-0.697003
1.93688,0.226256,-6.135,1.05215,0.162134,0.59294,-0.918956,-0.662212
1.92721,0.262045,-6.09343,1.11781,0.172933,0.554869,-0.967984,-0.593056
1.91835,0.289038,-6.06397,1.17838,0.185439,0.483003,-1,-0.563663
1.90376,0.325317,-6.02091,1.20459,0.199726,0.481672,-1,-0.492661
1.88829,0.361886,-5.97088,1.23853,0.215329,0.472944,-1,-0.411096
1.87482,0.388765,-5.92895,1.23116,0.233283,0.489368,-1,-0.381065
1.85587,0.424374,-5.88191,1.29305,0.252796,0.413811,-1,-0.329304
1.83517,0.459847,-5.83305,1.35854,0.272935,0.329761,-1,-0.273534
1.8172,0.485057,-5.79487,1.3582,0.294746,0.318735,-1,-0.277622
1.79128,0.517712,-5.73571,1.36943,0.317193,0.330417,-1,-0.205858
1.77189,0.542127,-5.69307,1.38135,0.340624,0.303241,-1,-0.220475
1.74399,0.573303,-5.65005,1.40286,0.364935,0.269067,-1,-0.19152
1.7144,0.603755,-5.59658,1.39406,0.389787,0.29959,-0.976628,-0.135887
1.69058,0.624801,-5.55473,1.43307,0.415334,0.228868,-0.962354,-0.176781
1.65781,0.652131,-5.49903,1.39993,0.440772,0.308757,-0.90657,-0.110385
1.62333,0.677839,-5.44241,1.42572,0.466846,0.296673,-0.873176,-0.0579858
1.59684,0.696076,-5.40631,1.42112,0.494336,0.288717,-0.844789,-0.124064
1.5594,0.718103,-5.35075,1.40903,0.522234,0.348317,-0.766862,-0.0777205
1.52135,0.73848,-5.29636,1.42268,0.549209,0.376115,-0.684511,-0.0231352
1.49237,0.753411,-5.26036,1.41292,0.577605,0.385303,-0.639232,-0.112153
1.45286,0.771657,-5.20751,1.42725,0.605125,0,-0.239248,0
1.42212,0.783738,-5.17356,1.41542,0.632824,0,-0.228043,0
1.38004,0.798577,-5.1324,1.42569,0.662824,0,-0.216292,0
1.33772,0.812971,-5.09736,1.45443,0.692824,0,-0.20494,0
1.30485,0.823261,-5.08318,1.46535,0.722824,0,-0.193988,0
1.26126,0.837467,-5.06017,1.53155,0.752824,0,-0.183435,0
1.21648,0.850902,-5.03894,1.55025,0.782824,0,-0.173282,0
1.18263,0.860937,-5.0255,1.55455,0.812824,0,-0.163529,0
1.13714,0.873351,-5.00873,1.56674,0.842824,0,-0.154175,0
1.09198,0.885614,-4.99176,1.56876,0.872824,0,-0.145221,0
1.05661,0.893824,-4.9773,1.57209,0.902824,0,-0.136667,0
1.01086,0.905403,-4.9665,1.53763,0.932824,0,-0.128512,0
0.975512,0.913621,-4.95801,1.56291,0.962824,0,-0.120757,0
0.928217,0.924007,-4.94733,1.56517,0.992824,0,-0.113401,0
0.880291,0.933636,-4.93277,1.54225,1.02282,0,-0.106446,0
0.844301,0.940897,-4.92279,1.56266,1.05282,0,-0.0998893,0
0.795275,0.950239,-4.91563,1.58464,1.08282,0,-0.0937326,0
0.746819,0.959345,-4.90873,1.60566,1.11282,0,-0.0879756,0
0.71056,0.966082,-4.90077,1.63289,1.13914,-0.0690278,-0.435864,-0.354904
0.661143,0.974245,-4.89209,1.60728,1.16559,0,-0.0788198,0
0.62419,0.97996,-4.88158,1.61041,1.19212,0,-0.0746832,0
0.575116,0.986892,-4.86586,1.62513,1.22212,0,-0.0703821,0
0.524399,0.992703,-4.85082,1.63624,1.24868,0,-0.0669069,0
0.474892,0.998444,-4.8413,1.63628,1.27868,0,-0.0633593,0
0.436425,1.00177,-4.83373,1.62963,1.30868,0,-0.0602113,0
0.386356,1.00728,-4.82764,1.65924,1.3353,0,-0.0577531,0
0.3487,1.01119,-4.82293,1.66268,1.35908,-0.0990209,-0.435991,-0.303284
0.298192,1.01588,-4.81245,1.65863,1.38604,0,-0.0539377,0
0.247924,1.01952,-4.79859,1.6963,1.41304,-0.143318,-0.433937,-0.273966
0.210289,1.0219,-4.79008,1.69113,1.43747,-0.140464,-0.429055,-0.279771
0.160999,1.02539,-4.77328,1.68651,1.4619,0,-0.0503665,0
0.110089,1.02674,-4.75971,1.70572,1.4919,0,-0.0496592,0
0.0724955,1.02766,-4.74764,1.70036,1.5219,0,-0.0493514,0
0.0220486,1.02839,-4.73883,1.67695,1.5519,0,-0.0494433,0
-0.0286182,1.02922,-4.73139,1.70085,1.5819,0,-0.0499349,0
-0.0665907,1.02959,-4.7273,1.66202,1.6119,0,-0.050826,0
-0.117496,1.03,-4.72194,1.6719,1.6419,0,-0.0521168,0
-0.15558,1.03045,-4.71794,1.66747,1.6719,0,-0.0538072,0
-0.207053,1.03012,-4.71317,1.65727,1.7019,0,-0.0558973,0
-0.258322,1.03004,-4.70885,1.65891,1.7319,0,-0.0583869,0
-0.296556,1.02998,-4.70486,1.66332,1.7619,0,-0.0612762,0
-0.347819,1.02953,-4.7003,1.6549,1.7919,0,-0.0645652,0
-0.39912,1.02867,-4.69562,1.66989,1.819,0,-0.0678799,0
-0.43771,1.02787,-4.69216,1.67485,1.849,-0.111247,-0.487056,-0.26896
-0.489099,1.02649,-4.68788,1.66084,1.87366,0,-0.0755577,0
-0.527584,1.02545,-4.68391,1.67228,1.90123,-0.102052,-0.527852,-0.240817
-0.578751,1.02366,-4.67398,1.66123,1.92669,-0.0936115,-0.556943,-0.213883
-0.629754,1.02043,-4.65784,1.66318,1.95061,0,-0.0886148,0
-0.667787,1.01685,-4.64299,1.67625,1.98061,-0.11443,-0.555352,-0.219989
-0.718211,1.01135,-4.61501,1.69735,2.00429,-0.159837,-0.550351,-0.199145
-0.768148,1.00406,-4.59027,1.71484,2.02813,-0.211821,-0.545724,-0.167113
-0.805428,0.997455,-4.56824,1.70766,2.05289,-0.224509,-0.521375,-0.190663
-0.854177,0.987073,-4.53238,1.67585,2.08098,0,-0.116737,0
-0.902214,0.974314,-4.4958,1.68391,2.11098,0,-0.124276,0
-0.938251,0.963767,-4.47563,1.68114,2.14098,0,-0.132216,0
-0.986033,0.949605,-4.45871,1.70676,2.17098,0,-0.140554,0
-1.02185,0.93911,-4.44657,1.67016,2.20098,0,-0.149293,0
-1.06962,0.924472,-4.43149,1.65898,2.23098,0,-0.158431,0
-1.11754,0.909292,-4.41732,1.68963,2.26098,0,-0.167968,0
-1.15341,0.897348,-4.4079,1.65953,2.29098,0,-0.177905,0
-1.20071,0.881338,-4.39692,1.66579,2.32098,0,-0.188242,0
-1.24878,0.864051,-4.38092,1.67659,2.35098,0,-0.198979,0
-1.28429,0.850882,-4.37164,1.64359,2.38098,0,-0.210115,0
-1.33203,0.832163,-4.36325,1.65798,2.41098,0,-0.22165,0
-1.36712,0.818125,-4.35622,1.65868,2.43406,-0.0933074,-0.686094,-0.336543
-1.41406,0.799144,-4.33958,1.69884,2.45474,-0.131018,-0.726934,-0.291732
-1.46074,0.778689,-4.32286,1.71208,2.4767,-0.140861,-0.772293,-0.253336
-1.50556,0.756253,-4.28288,1.69604,2.49904,-0.142014,-0.808336,-0.219356
-1.53739,0.738477,-4.24021,1.76391,2.52192,-0.23095,-0.770084,-0.232224
-1.57861,0.710824,-4.19489,1.74059,2.54536,-0.246815,-0.804045,-0.190761
-1.60778,0.689546,-4.15667,1.72429,2.56942,-0.242895,-0.806534,-0.211325
-1.64544,0.658986,-4.10532,1.72348,2.59447,-0.302232,-0.812433,-0.161977
-1.6806,0.627138,-4.05712,1.683,2.62285,0,-0.314494,0
-1.70395,0.603696,-4.01686,1.64195,2.65285,0,-0.329252,0
-1.73798,0.56778,-3.97017,1.64481,2.68285,0,-0.344409,0
-1.76143,0.540951,-3.94336,1.56359,2.71285,0,-0.359966,0
-1.79277,0.504214,-3.91319,1.55845,2.74285,0,-0.375922,0
-1.82364,0.46733,-3.88206,1.58308,2.77285,0,-0.392278,0
-1.84612,0.43878,-3.8603,1.5755,2.80285,-0.0031771,-0.93253,-0.477512
-1.87563,0.400329,-3.83292,1.57877,2.81935,-0.00325228,-1,-0.4312
-1.90397,0.360856,-3.8066,1.62652,2.83693,-0.056451,-1,-0.384851
-1.92395,0.331166,-3.77651,1.61104,2.85532,-0.0361872,-1,-0.390079
-1.94756,0.290131,-3.72365,1.56895,2.87455,0.0184187,-1,-0.350321
-1.96717,0.248789,-3.66014,1.59681,2.89395,-0.0196485,-1,-0.290761
-1.98026,0.216053,-3.62146,1.58756,2.91482,-0.00501339,-1,-0.32929
-1.99523,0.172839,-3.56348,1.5398,2.9362,0.0770288,-1,-0.295335
-2.0079,0.128624,-3.50646,1.53106,2.95679,0.102642,-1,-0.249795
-2.0158,0.0949706,-3.46359,1.5189,2.97843,0.116216,-1,-0.329574
-2.02414,0.0496165,-3.41093,1.50474,2.99882,0.149143,-1,-0.309712
-2.02945,0.00421756,-3.35185,1.51832,3.01875,0.135362,-1,-0.275866
-2.03151,-0.0298997,-3.30987,1.5019,3.03934,0.15256,-1,-0.37523
-2.03253,-0.0757017,-3.25255,1.49938,3.05848,0.168908,-1,-0.351001
-2.03186,-0.109784,-3.20935,1.49652,3.08332,0.176664,-1,-0.206302
-2.02779,-0.155607,-3.15406,1.49586,3.10809,0.162727,-1,-0.239141
-2.02143,-0.200866,-3.0971,1.4939,3.13014,0.165157,-1,-0.203505
-2.01501,-0.234459,-3.0545,1.50837,3.15318,0.122478,-1,-0.276293
-2.00419,-0.278772,-2.99545,1.51328,3.17552,0.117533,-1,-0.229491
-1.99066,-0.322232,-2.9363,1.51142,3.19825,0.123652,-1,-0.178985
-1.97914,-0.354285,-2.89218,1.50974,3.22221,0.113979,-1,-0.23062
-1.96141,-0.396462,-2.83599,1.53686,3.24496,0.0772256,-1,-0.183899
-1.94657,-0.427445,-2.79316,1.53471,3.26901,0.0732154,-1,-0.220411
-1.92488,-0.467557,-2.73489,1.54373,3.29362,0.0629318,-1,-0.18205
-1.90103,-0.506626,-2.6787,1.55106,3.31784,0.0550837,-1,-0.137473
-1.88145,-0.534785,-2.63511,1.54751,3.34337,0.0548016,-1,-0.175797
-1.85337,-0.570814,-2.57804,1.53822,3.36929,0.0694789,-1,-0.139215
-1.8235,-0.605524,-2.5206,1.58371,3.39473,0.0089272,-1,-0.104251
-1.7996,-0.630059,-2.47525,1.57218,3.42117,0.0220804,-0.983499,-0.139119
-1.76628,-0.661438,-2.41748,1.56458,3.44818,0.0342026,-0.95169,-0.103675
-1.73134,-0.690199,-2.35868,1.56252,3.47465,0.0405326,-0.91245,-0.0568358
-1.70405,-0.710602,-2.31575,1.56084,3.50227,0.039208,-0.875492,-0.112719
-1.66608,-0.736081,-2.25764,1.5196,3.53058,0.115085,-0.815063,-0.0686687
-1.63709,-0.754091,-2.21655,1.50774,3.55791,0.13204,-0.771608,-0.121453
-1.59687,-0.776098,-2.16141,1.46459,3.58593,0.230132,-0.666414,-0.0685619
-1.55578,-0.79623,-2.11026,1.47135,3.61427,0.239724,-0.573585,-0.0425856
-1.52386,-0.810003,-2.07288,1.47578,3.64212,0.229289,-0.52654,-0.123166
-1.48088,-0.827029,-2.02704,1.47272,3.67022,0.247537,-0.384331,-0.0915527
-1.43695,-0.842595,-1.98481,1.49331,3.69815,0,-0.225929,0
-1.40424,-0.85377,-1.9558,1.50494,3.72815,0,-0.214248,0
-1.35903,-0.867027,-1.91895,1.51043,3.75815,0,-0.202967,0
-1.31364,-0.880083,-1.89438,1.50672,3.78815,0,-0.192086,0
-1.2793,-0.889775,-1.87786,1.52209,3.81815,0,-0.181604,0
-1.23312,-0.901944,-1.85822,1.53006,3.84815,0,-0.171522,0
-1.18621,-0.913664,-1.83991,1.53979,3.87815,0,-0.16184,0
-1.15097,-0.921958,-1.827,1.58355,3.90815,0,-0.152557,0
-1.10387,-0.932885,-1.80622,1.58602,3.93815,0,-0.143674,0
-1.06825,-0.940186,-1.79517,1.60244,3.96815,0,-0.135191,0
-1.0207,-0.949588,-1.78135,1.6447,3.99815,0,-0.127107,0
-0.972911,-0.958585,-1.76671,1.64722,4.02815,0,-0.119423,0
-0.936645,-0.964995,-1.75739,1.62749,4.05815,0,-0.112138,0
-0.88816,-0.97299,-1.74613,1.61838,4.08815,0,-0.105253,0
-0.839357,-0.980568,-1.73491,1.57911,4.11815,0,-0.0987676,0
-0.802908,-0.986039,-1.72799,1.59427,4.14815,0,-0.0926819,0
-0.753955,-0.992864,-1.71817,1.58989,4.17378,0,-0.0877981,0
-0.717224,-0.997633,-1.71049,1.56023,4.20378,0.00183261,-0.345321,-0.436783
-0.668389,-1.00377,-1.69958,1.56395,4.22942,0,-0.0782037,0
-0.619322,-1.00933,-1.68888,1.59081,4.25942,0,-0.0736002,0
-0.582258,-1.01321,-1.68214,1.59767,4.28942,-0.0398321,-0.333563,-0.418395
-0.532531,-1.0181,-1.67618,1.60646,4.31523,0,-0.0660986,0
-0.482799,-1.0227,-1.668,1.63098,4.34122,0,-0.0630777,0
-0.44565,-1.02564,-1.65852,1.63263,4.36735,0,-0.0603426,0
-0.39592,-1.02902,-1.64728,1.63432,4.39735,0,-0.0575765,0
-0.346627,-1.03177,-1.63568,1.6338,4.42343,0,-0.0554965,0
-0.30929,-1.03333,-1.62779,1.63499,4.45343,0,-0.0534775,0
-0.259568,-1.03563,-1.62221,1.62747,4.48343,0,-0.0518581,0
-0.20945,-1.03774,-1.61679,1.6196,4.51343,0,-0.0506384,0
-0.171874,-1.03904,-1.61336,1.56722,4.54343,0,-0.0498183,0
-0.121101,-1.04057,-1.60515,1.64902,4.56574,0,-0.0494675,0
-0.0833371,-1.04169,-1.60209,1.662,4.5921,-0.112889,-0.344646,-0.359022
-0.0331389,-1.04309,-1.59618,1.64273,4.61851,0,-0.0495174,0
0.0172156,-1.04355,-1.58483,1.68365,4.64851,-0.145692,-0.349185,-0.337832
0.054526,-1.04378,-1.57704,1.66277,4.67171,0,-0.050819,0
0.104923,-1.04329,-1.56989,1.72137,4.69543,-0.201181,-0.350151,-0.303458
0.154931,-1.04204,-1.55486,1.68568,4.7165,0,-0.0528899,0
0.192404,-1.04004,-1.53707,1.63739,4.7465,0,-0.0547748,0
0.242096,-1.03588,-1.51349,1.68435,4.7765,0,-0.0570595,0
0.267052,-1.0334,-1.50446,1.67232,4.8065,0,-0.0597437,0
0.267052,-1.0334,-1.50446,1.65949,4.83222,-0.106659,-0.11772,-0.430587
0.378979,-1.02254,-1.48293,1.55631,4.85792,0,-0.065273,0
0.416261,-1.01885,-1.47748,1.55699,4.88792,0,-0.0690417,0
0.466531,-1.01363,-1.47025,1.55837,4.91792,0,-0.07321,0
0.503564,-1.0093,-1.4662,1.54542,4.94792,0,-0.077778,0
0.503564,-1.0093,-1.4662,1.56378,4.97792,0,-0.0827456,0
0.60353,-0.997189,-1.45755,1.55028,5.00291,0,-0.0871885,0
0.653648,-0.991029,-1.45289,1.62956,5.03291,0,-0.0928886,0
0.691191,-0.986107,-1.44848,1.63304,5.06291,0,-0.0989884,0
0.741341,-0.979401,-1.44303,1.63452,5.09291,0,-0.105488,0
0.791157,-0.972584,-1.43829,1.64388,5.12291,0,-0.112387,0
0.828819,-0.967235,-1.43409,1.62426,5.15291,0,-0.119685,0
0.879247,-0.959584,-1.42896,1.70519,5.18291,-0.153999,-0.518896,-0.293738
0.916768,-0.953941,-1.425,1.66552,5.20997,-0.10389,-0.552689,-0.302601
0.967659,-0.945924,-1.4171,1.67667,5.23694,-0.109632,-0.588439,-0.275511
1.01699,-0.938032,-1.4084,1.67513,5.25913,-0.106587,-0.633242,-0.235733
1.05514,-0.930399,-1.39127,1.6905,5.28207,-0.12167,-0.636389,-0.23624
1.10394,-0.91993,-1.3678,1.67619,5.30563,-0.115586,-0.66665,-0.209898
1.14032,-0.909926,-1.3392,1.72219,5.32919,-0.172214,-0.640286,-0.224602
1.18765,-0.89499,-1.29262,1.70094,5.35306,0,-0.178607,0
1.21084,-0.886488,-1.27324,1.68338,5.38306,0,-0.188972,0
1.27814,-0.85765,-1.20968,1.69588,5.40593,0,-0.197144,0
1.31232,-0.841746,-1.18696,1.74422,5.43138,-0.40084,-0.488179,-0.196972
1.35654,-0.82086,-1.15778,1.74327,5.45634,-0.456267,-0.474865,-0.132777
1.38947,-0.804065,-1.13813,1.73818,5.48181,-0.418985,-0.520503,-0.182443
1.43271,-0.781314,-1.10696,1.67214,5.50999,0,-0.237246,0
1.47412,-0.756596,-1.07534,1.65587,5.53999,0,-0.249701,0
1.50556,-0.737335,-1.05533,1.66661,5.56999,0,-0.262555,0
1.53666,-0.717373,-1.03862,1.59599,5.59999,0,-0.275809,0
1.58863,-0.682901,-1.01236,1.8132,5.62421,-0.397761,-0.690582,-0.229757
1.61934,-0.661408,-0.99492,1.81686,5.64717,-0.364888,-0.736413,-0.240069
1.65958,-0.632726,-0.970418,1.82935,5.67039,-0.372104,-0.7913,-0.199463
1.68793,-0.60979,-0.94196,1.82901,5.69418,-0.357133,-0.808204,-0.220932
1.72491,-0.577084,-0.894329,1.82515,5.71869,-0.402709,-0.831783,-0.175816
1.7579,-0.543238,-0.845973,1.83862,5.74402,-0.466567,-0.828137,-0.138777
1.78324,-0.51587,-0.807919,1.62717,5.76943,0,-0.358176,0
1.81285,-0.479748,-0.761972,1.59152,5.79943,0,-0.374087,0
1.84125,-0.441793,-0.702176,1.56603,5.82943,0,-0.390397,0
1.86064,-0.412284,-0.670573,1.55607,5.85943,0,-0.407107,0
1.88717,-0.371634,-0.634291,1.57731,5.88943,0,-0.424217,0
1.91217,-0.330701,-0.60177,1.54301,5.91943,0.0490114,-1,-0.4274
1.93061,-0.299128,-0.583208,1.54112,5.93668,0.0498287,-1,-0.427046
1.95475,-0.257208,-0.547902,1.5493,5.95442,0.0438243,-1,-0.383615
1.97,-0.22467,-0.513609,1.54701,5.97282,0.0469896,-1,-0.39433
1.98965,-0.180486,-0.455404,1.61383,5.99215,-0.0401014,-1,-0.345227
2.00551,-0.134636,-0.397801,1.63382,6.01227,-0.0703589,-1,-0.30083
2.01567,-0.100838,-0.359157,1.62648,6.03268,-0.0557008,-1,-0.351575
2.02455,-0.0555149,-0.299726,1.8006,6.05176,-0.281299,-1,-0.310481
2.03185,-0.00960237,-0.242436,1.80123,6.07257,-0.29386,-1,-0.301343
2.03474,0.0132902,-0.217031,1.74107,6.09221,-0.186971,-1,-0.420719
2.03845,0.0702005,-0.14416,1.85466,6.11029,-0.35027,-1,-0.328084
2.03827,0.115163,-0.090605,1.86391,6.13197,-0.400833,-1,-0.110937
2.03611,0.148769,-0.0444143,1.82573,6.15718,-0.298965,-1,-0.231612
2.03254,0.193044,-6.27285,1.82446,6.17949,-0.284898,-1,-0.22436
2.02503,0.236863,-6.2195,1.62669,6.20214,-0.0455428,-1,-0.198621
2.01811,0.269017,-6.17797,1.62036,6.22487,-0.034313,-1,-0.257089
2.0072,0.311424,-6.12318,1.68911,6.24741,-0.113222,-1,-0.237877
1.99735,0.342642,-6.08281,1.45305,6.27021,0.180165,-1,-0.259197
1.98197,0.383348,-6.02712,1.44291,6.29344,0.194401,-1,-0.228362
1.96469,0.423556,-5.97222,1.44659,6.31629,0.191028,-1,-0.191304
1.95006,0.452746,-5.93107,1.4592,6.34009,0.160096,-1,-0.232598
1.92967,0.491347,-5.87809,1.42956,6.36426,0.198604,-1,-0.202315
1.91184,0.519343,-5.83462,1.40918,6.38793,0.21553,-1,-0.220893
1.88754,0.556085,-5.7802,1.42716,6.4117,0.196827,-1,-0.185362
1.86068,0.591278,-5.72891,1.44855,6.43635,0.171033,-1,-0.160217
1.83882,0.616435,-5.68644,1.44672,6.46125,0.165704,-1,-0.186403
1.80898,0.649647,-5.62685,1.567,6.48599,0.0270554,-0.982683,-0.1643
1.78466,0.672646,-5.58727,1.84955,6.51009,-0.228982,-0.880998,-0.202791
1.75106,0.70194,-5.53232,2.06013,6.53453,-0.366902,-0.776866,-0.183608
1.71649,0.729205,-5.47704,2.10065,6.55956,-0.411856,-0.723647,-0.166485
1.68002,0.754648,-5.4193,2.05627,6.58443,-0.433985,-0.687936,-0.140327
1.65398,0.772929,-5.3872,2.03657,6.60987,-0.400042,-0.67206,-0.168633
1.61665,0.795857,-5.34291,2.02006,6.63502,-0.411512,-0.644219,-0.154344
1.57864,0.817231,-5.29917,1.87018,6.66022,-0.340071,-0.67673,-0.12687
1.54991,0.832866,-5.26436,1.42689,6.6868,0.244759,-0.671567,-0.0650554
1.51063,0.851214,-5.22029,1.3756,6.71501,0.321979,-0.569591,-0.0456478
1.48007,0.863925,-5.18647,1.39278,6.74265,0.297158,-0.558032,-0.119934
1.43885,0.879423,-5.14282,1.40695,6.76994,0.293512,-0.484498,-0.115328
1.39669,0.893248,-5.10217,1.45769,6.79663,0.233489,-0.428697,-0.126164
1.36446,0.902675,-5.07137,1.46289,6.82238,0.219593,-0.362952,-0.18115
1.32112,0.914617,-5.03366,1.47421,6.84844,0.19043,-0.219114,-0.145828
1.2766,0.925254,-5.0058,1.48168,6.87362,0.230231,-0.192414,-0.149516
1.24256,0.932723,-4.98468,1.50337,6.90065,0,-0.174006,0
1.19699,0.942672,-4.96087,1.52779,6.93065,0,-0.164223,0
1.15108,0.952251,-4.94224,1.5508,6.96065,0,-0.154841,0
1.11649,0.95907,-4.92902,1.63017,6.99065,0,-0.145858,0
1.0696,0.967189,-4.9141,1.64148,7.02065,0,-0.137274,0
1.03429,0.973238,-4.90356,1.66448,7.04688,-0.136665,-0.195763,-0.373583
0.986984,0.981026,-4.88996,1.69545,7.06638,-0.201488,-0.18895,-0.335708
0.939668,0.988367,-4.87592,1.6887,7.09302,-0.205726,-0.197566,-0.332768
0.903744,0.993243,-4.86569,1.69857,7.11641,-0.215337,-0.198376,-0.335765
0.855715,0.999175,-4.85012,1.68025,7.14305,0,-0.106395,0
0.807559,1.00478,-4.83951,1.59413,7.16968,0,-0.100557,0
0.771077,1.0085,-4.83215,1.60473,7.19968,0,-0.0943582,0
0.721691,1.01292,-4.82367,1.62124,7.22968,0,-0.0885594,0
0.673421,1.01775,-4.81061,1.62433,7.25968,0,-0.0831602,0
0.636571,1.02086,-4.80414,1.6318,7.28968,0,-0.0781606,0
0.585624,1.02427,-4.79161,1.64142,7.31968,0,-0.0735607,0
0.535675,1.02705,-4.78462,1.77864,7.34968,-0.279088,-0.187379,-0.315729
0.498611,1.02951,-4.77744,1.77057,7.37023,-0.286161,-0.189362,-0.311706
0.448559,1.03252,-4.77269,1.74788,7.39125,-0.315899,-0.242697,-0.277966
0.411124,1.03492,-4.76841,1.7177,7.41298,0,-0.0618096,0
0.36017,1.03649,-4.76327,1.72185,7.44069,0,-0.0590631,0
0.31137,1.03853,-4.74446,1.7163,7.47069,0,-0.0564748,0
0.273792,1.03895,-4.73738,1.72737,7.50069,-0.318532,-0.188978,-0.290918
0.224157,1.03976,-4.72843,1.59855,7.52779,0,-0.052653,0
0.173604,1.04004,-4.72264,1.60625,7.55779,0,-0.0512248,0
0.135812,1.0404,-4.71807,1.61019,7.58779,0,-0.0501962,0
0.0847455,1.04016,-4.71206,1.61312,7.61779,0,-0.0495673,0
0.0465771,1.03991,-4.70764,1.64085,7.64779,0,-0.0493379,0
-0.00419329,1.03952,-4.70216,1.73799,7.67779,-0.319557,-0.211304,-0.287305
-0.0553044,1.03894,-4.69786,1.74032,7.70203,-0.365428,-0.25006,-0.229744
-0.0935992,1.03832,-4.69555,1.74333,7.72973,-0.337877,-0.269865,-0.248595
-0.144054,1.03754,-4.68843,1.74043,7.75725,-0.360606,-0.287589,-0.215829
-0.195433,1.03602,-4.6837,1.74614,7.78282,-0.395879,-0.32303,-0.145048
-0.233821,1.03468,-4.67572,1.73568,7.80985,-0.37847,-0.314854,-0.176357
-0.284761,1.03233,-4.67437,1.74452,7.83544,-0.393124,-0.374003,-0.0970315
-0.335409,1.0296,-4.66558,1.71039,7.86335,0,-0.0594428,0
-0.372802,1.02752,-4.65127,1.70714,7.89335,0,-0.0624847,0
-0.423484,1.02247,-4.6337,1.71901,7.92335,0,-0.0659262,0
-0.473927,1.01769,-4.62376,1.71524,7.95335,0,-0.0697673,0
-0.511756,1.0139,-4.61879,1.71363,7.98335,0,-0.0740081,0
-0.562631,1.00869,-4.61246,1.74956,8.01225,-0.438536,-0.302618,-0.120907
-0.600834,1.00477,-4.60977,1.7251,8.04104,0,-0.0832855,0
-0.65128,0.99944,-4.60234,1.71163,8.07104,0,-0.0886943,0
-0.702384,0.993155,-4.59334,1.7177,8.10104,0,-0.0945027,0
-0.740578,0.988348,-4.58683,1.70148,8.13104,0,-0.100711,0
-0.79156,0.981605,-4.5795,1.69706,8.16104,0,-0.107319,0
-0.841851,0.97467,-4.57119,1.70468,8.19104,0,-0.114326,0
-0.880459,0.968855,-4.56638,1.68212,8.22104,0,-0.121733,0
-0.931562,0.960979,-4.56013,1.68311,8.25104,0,-0.129539,0
-0.982607,0.952909,-4.55321,1.68826,8.28104,-0.140604,-0.648922,-0.152785
-1.02073,0.9464,-4.54887,1.68585,8.30783,-0.123149,-0.660603,-0.170485
-1.0711,0.937858,-4.54074,1.68338,8.33309,-0.113558,-0.693309,-0.138544
-1.10943,0.930799,-4.53581,1.67595,8.35878,-0.0965807,-0.707659,-0.151928
-1.15913,0.91985,-4.50103,1.67666,8.38483,-0.107476,-0.719939,-0.132035
-1.20724,0.905526,-4.4555,1.67584,8.41062,-0.130461,-0.723692,-0.102788
-1.24273,0.893129,-4.41799,1.65946,8.4396,0,-0.187755,0
-1.28833,0.873626,-4.37584,1.63423,8.4696,0,-0.198473,0
-1.32198,0.857556,-4.34432,1.64671,8.4996,0,-0.209591,0
-1.36645,0.83563,-4.31787,1.65648,8.5296,0,-0.221108,0
-1.41128,0.813514,-4.29583,1.65881,8.5596,0,-0.233025,0
-1.44484,0.796351,-4.28117,1.6534,8.5896,0,-0.245342,0
-1.48906,0.773523,-4.25817,1.663,8.6196,0,-0.258058,0
-1.53299,0.749257,-4.23705,1.68936,8.64328,-0.143683,-0.774967,-0.271671
-1.56523,0.730911,-4.22155,1.72483,8.66512,-0.169437,-0.78426,-0.273303
-1.60796,0.705427,-4.19163,1.71879,8.68772,-0.169115,-0.827548,-0.240672
-1.64934,0.677063,-4.15327,1.71908,8.71091,-0.18354,-0.86187,-0.203125
-1.67786,0.654826,-4.113,1.72099,8.73463,-0.196502,-0.858397,-0.222742
-1.715,0.622559,-4.06127,1.73339,8.75839,-0.251554,-0.872214,-0.174495
-1.74084,0.597306,-4.02072,1.71346,8.78265,-0.23418,-0.880419,-0.199938
-1.77342,0.562613,-3.96788,1.68634,8.80784,0,-0.346969,0
-1.80317,0.526336,-3.91841,1.6354,8.83683,0,-0.362061,0
-1.82442,0.49838,-3.87834,1.61234,8.86683,0,-0.378071,0
-1.85108,0.45973,-3.83508,1.62703,8.89683,0,-0.39448,0
-1.878,0.419776,-3.80442,1.6709,8.92683,-0.141892,-0.951817,-0.377288
-1.89766,0.389929,-3.77626,1.65632,8.95306,-0.103183,-0.954705,-0.430576
-1.92293,0.349276,-3.74739,1.60874,8.97096,-0.0404047,-1,-0.393504
-1.94608,0.307967,-3.70504,1.62603,8.98916,-0.0651233,-1,-0.343749
-1.96181,0.277081,-3.66532,1.63089,9.00867,-0.0709468,-1,-0.359862
-1.97988,0.233748,-3.61542,1.64779,9.02837,-0.0999952,-1,-0.318857
-1.99533,0.190356,-3.55785,1.63119,9.04855,-0.0823628,-1,-0.265742
-2.00494,0.157653,-3.51725,1.56845,9.06994,0.0283445,-1,-0.325384
-2.01564,0.113311,-3.45955,1.59878,9.08972,-0.0247964,-1,-0.280185
-2.0237,0.0681403,-3.40124,1.57035,9.11045,0.0344107,-1,-0.234041
-2.02811,0.0342328,-3.3658,1.76083,9.13098,-0.273099,-1,-0.352438
-2.03121,-0.0109254,-3.3087,1.79553,9.14993,-0.343976,-1,-0.322582
-2.0318,-0.0447068,-3.26656,1.99217,9.16801,-0.530374,-1,-0.455142
-2.03063,-0.0897795,-3.21092,1.98978,9.18526,-0.668038,-1,-0.0344175
-2.027,-0.133374,-3.15521,1.97156,9.21175,-0.567044,-1,-0.135619
-2.02243,-0.166096,-3.11284,1.94045,9.23637,-0.448865,-1,-0.245353
-2.01454,-0.208151,-3.05604,1.93373,9.25979,-0.429265,-1,-0.245475
-2.00436,-0.24992,-3.00243,1.74083,9.28193,-0.227122,-1,-0.21933
-1.99545,-0.280665,-2.96067,1.63934,9.3048,-0.0743927,-1,-0.268663
-1.98153,-0.321476,-2.90612,1.40875,9.32792,0.300438,-1,-0.197453
-1.9654,-0.361567,-2.85263,1.41782,9.35119,0.283132,-1,-0.170554
-1.9517,-0.390994,-2.812,1.43836,9.37458,0.226385,-1,-0.230315
-1.93124,-0.429139,-2.75568,1.44362,9.39816,0.2238,-1,-0.189416
-1.91462,-0.457512,-2.71507,1.44727,9.42205,0.201475,-1,-0.231031
-1.89089,-0.494124,-2.66025,1.44437,9.44639,0.211254,-1,-0.192286
-1.86488,-0.52958,-2.60389,1.44829,9.47111,0.213352,-1,-0.149191
-1.84406,-0.555266,-2.56175,1.45286,9.49613,0.194253,-1,-0.189201
-1.81469,-0.58858,-2.50705,1.44902,9.52098,0.210371,-0.976395,-0.141732
-1.78329,-0.619931,-2.44978,1.4451,9.54638,0.231791,-0.933704,-0.0877292
-1.75845,-0.642469,-2.40653,1.45069,9.5731,0.213091,-0.904632,-0.140141
-1.72339,-0.670783,-2.34699,1.45785,9.60026,0.22095,-0.855633,-0.0987724
-1.687,-0.696744,-2.29031,1.45936,9.62672,0.242522,-0.792093,-0.0444212
-1.65857,-0.714899,-2.2494,1.47547,9.65455,0.205413,-0.771917,-0.125577
-1.61996,-0.738181,-2.19714,1.47055,9.68145,0.240493,-0.697307,-0.0783789
-1.59011,-0.754557,-2.15903,1.47415,9.7084,0.229249,-0.659156,-0.147231
-1.54948,-0.774914,-2.11083,1.47199,9.73615,0,-0.259893,0
-1.50734,-0.792842,-2.06314,1.4664,9.76466,0,-0.247745,0
-1.47523,-0.805884,-2.03451,1.48682,9.79466,0,-0.235352,0
-1.43198,-0.823232,-2.00599,1.50123,9.82466,0,-0.223359,0
-1.38828,-0.840254,-1.98105,1.48981,9.85466,0,-0.211765,0
-1.35566,-0.852911,-1.96351,1.49623,9.88466,0,-0.200571,0
-1.31062,-0.86865,-1.93929,1.50734,9.91466,0,-0.189777,0
-1.26528,-0.883885,-1.92114,1.51914,9.94466,0,-0.179382,0
-1.23097,-0.894909,-1.9065,1.51815,9.97466,0,-0.169387,0
-1.1849,-0.908946,-1.88808,1.52755,10.0047,0,-0.159791,0
-1.15,-0.919117,-1.87707,1.55611,10.0347,0,-0.150595,0
-1.10324,-0.932334,-1.86056,1.57802,10.0647,0,-0.141799,0
-1.05582,-0.944782,-1.84526,1.5869,10.0908,0,-0.13445,0
-1.03225,-0.950977,-1.83846,1.54483,10.117,0.022755,-0.504766,-0.382337
-0.97307,-0.965497,-1.8211,1.56892,10.1432,0,-0.120665,0
-0.925545,-0.976425,-1.80457,1.55353,10.1698,0,-0.114136,0
-0.889689,-0.983662,-1.78896,1.5455,10.1998,0,-0.107139,0
-0.841581,-0.992782,-1.77263,1.54851,10.2263,0,-0.101288,0
-0.792694,-1.00018,-1.75471,1.54027,10.2563,0,-0.0950444,0
-0.756599,-1.00643,-1.747,1.53905,10.2863,0,-0.0892001,0
-0.707323,-1.01383,-1.73563,1.56577,10.3127,0,-0.0843792,0
-0.67087,-1.0195,-1.7292,1.60132,10.3427,-0.036213,-0.470788,-0.335026
-0.621751,-1.02625,-1.71252,1.62684,10.3694,-0.0639783,-0.459874,-0.323594
-0.584904,-1.03062,-1.70214,1.62107,10.3928,-0.0589434,-0.45391,-0.327124
-0.535726,-1.03609,-1.69147,1.66913,10.4138,-0.11339,-0.461648,-0.285189
-0.48681,-1.04052,-1.67146,1.67977,10.4382,0,-0.0657388,0
-0.437834,-1.04258,-1.64202,1.66728,10.4653,0,-0.0626348,0
-0.401193,-1.04303,-1.61955,1.64639,10.4953,0,-0.0595745,0
-0.352075,-1.04225,-1.59288,1.65651,10.5253,0,-0.0569138,0
-0.302878,-1.04142,-1.5805,1.67492,10.5553,0,-0.0546527,0
-0.265674,-1.04077,-1.57334,1.61995,10.5853,0,-0.0527913,0
-0.21634,-1.04,-1.56492,1.63104,10.6153,0,-0.0513295,0
-0.178912,-1.0393,-1.55994,1.62405,10.6453,0,-0.0502673,0
-0.129304,-1.03841,-1.55334,1.639,10.6753,0,-0.0496048,0
-0.0790352,-1.03704,-1.54819,1.62585,10.7053,0,-0.0493418,0
-0.0413079,-1.03583,-1.54344,1.62988,10.7353,0,-0.0494785,0
0.00943302,-1.03389,-1.53603,1.65085,10.7653,0,-0.0500149,0
0.0596887,-1.03207,-1.53283,1.66768,10.7953,0,-0.0509508,0
0.0973986,-1.03044,-1.52897,1.66799,10.8253,0,-0.0522864,0
0.148027,-1.02775,-1.52346,1.68146,10.8553,0,-0.0540216,0
0.185912,-1.02567,-1.51973,1.68221,10.8853,-0.155662,-0.0834955,-0.411462
0.236629,-1.02254,-1.51394,1.65827,10.9111,0,-0.0583197,0
0.287756,-1.01901,-1.50793,1.65967,10.9411,0,-0.061199,0
0.32591,-1.01648,-1.50534,1.67028,10.9711,0,-0.0644779,0
0.376623,-1.01285,-1.50081,1.66007,11.0011,0,-0.0681565,0
0.427598,-1.00914,-1.49568,1.65864,11.0311,0,-0.0722347,0
0.465822,-1.00595,-1.49297,1.64904,11.0611,0,-0.0767125,0
0.516589,-1.00163,-1.48907,1.68561,11.0911,-0.152382,-0.284328,-0.389786
0.568014,-0.996812,-1.48297,1.68977,11.1134,0,-0.0854639,0
0.605658,-0.993398,-1.4803,1.68736,11.1434,-0.15064,-0.35856,-0.36606
0.656473,-0.987859,-1.47497,1.72565,11.1661,-0.197331,-0.39836,-0.319888
0.694475,-0.983667,-1.46726,1.71596,11.1866,-0.192685,-0.427782,-0.309357
0.744531,-0.977254,-1.45612,1.71403,11.2135,-0.196904,-0.459992,-0.290369
0.794426,-0.969833,-1.43619,1.71346,11.2353,0,-0.110589,0
0.830989,-0.962975,-1.41787,1.68419,11.2653,0,-0.117786,0
0.880308,-0.953677,-1.40199,1.67728,11.2953,0,-0.125382,0
0.929817,-0.943159,-1.38794,1.71632,11.3253,-0.228566,-0.477282,-0.292247
0.966937,-0.935596,-1.37985,1.67644,11.3523,0,-0.140938,0
1.01618,-0.925107,-1.37018,1.66879,11.3823,0,-0.149695,0
1.06616,-0.914042,-1.36006,1.66948,11.4123,0,-0.158851,0
1.10338,-0.905296,-1.35087,1.64305,11.4423,0,-0.168406,0
1.15332,-0.893376,-1.33855,1.69442,11.4666,-0.135747,-0.64249,-0.262647
1.18988,-0.88422,-1.33324,1.6829,11.4888,-0.114747,-0.673077,-0.254725
1.23882,-0.870673,-1.3072,1.63453,11.5141,0,-0.192895,0
1.2865,-0.854365,-1.2656,1.62046,11.5441,0,-0.203806,0
1.32177,-0.840069,-1.23273,1.61236,11.5741,0,-0.215117,0
1.36796,-0.820265,-1.2034,1.63538,11.6041,0,-0.226828,0
1.41391,-0.799429,-1.17917,1.61754,11.6341,0,-0.238938,0
1.44875,-0.783285,-1.16343,1.63074,11.6641,-0.064869,-0.735645,-0.335692
1.4944,-0.760974,-1.13991,1.6433,11.6874,-0.0774252,-0.776151,-0.305876
1.52815,-0.743575,-1.12454,1.6393,11.7083,-0.069422,-0.803358,-0.299955
1.57302,-0.71943,-1.09461,1.68973,11.7301,-0.122129,-0.828889,-0.261884
1.61552,-0.694115,-1.06572,1.66451,11.7525,-0.0981734,-0.87641,-0.230264
1.64652,-0.673071,-1.03363,1.68178,11.7755,-0.117454,-0.880312,-0.242186
1.68612,-0.644049,-0.981442,1.87067,11.7986,-0.318483,-0.813607,-0.210751
1.72405,-0.611331,-0.925216,1.88009,11.8226,-0.388295,-0.813008,-0.168854
1.75001,-0.585823,-0.88324,1.86545,11.8471,-0.390704,-0.814374,-0.19077
1.78205,-0.551185,-0.832165,1.84344,11.8724,-0.419173,-0.83291,-0.160913
1.81332,-0.514624,-0.77664,1.83348,11.8973,-0.480797,-0.829334,-0.0995321
1.83542,-0.486667,-0.737318,1.80984,11.9234,-0.430068,-0.859656,-0.167359
1.86221,-0.448352,-0.682481,1.80864,11.949,-0.483525,-0.853396,-0.128608
1.88692,-0.408375,-0.632319,1.55502,11.9777,0,-0.406137,0
1.90368,-0.377637,-0.595427,1.5414,12.0077,0,-0.423224,0
1.92525,-0.335938,-0.546208,1.55268,12.0377,0,-0.440711,0
1.94056,-0.30354,-0.518759,1.54999,12.0677,0,-0.458597,0
1.96029,-0.260515,-0.482514,1.56756,12.0927,0.0136356,-1,-0.490582
1.97833,-0.216496,-0.44694,1.56268,12.1081,0.0262002,-1,-0.437846
1.99149,-0.182977,-0.426415,1.57214,12.1249,0.0128303,-1,-0.448742
2.00615,-0.138539,-0.364332,1.55982,12.1425,0.0376843,-1,-0.391689
2.01548,-0.103762,-0.323376,1.5663,12.1606,0.0277891,-1,-0.407125
2.02431,-0.0576361,-0.268677,1.60393,12.1797,-0.0295294,-1,-0.374423
2.03088,-0.0105791,-0.213379,1.64913,12.1981,-0.106081,-1,-0.327998
2.03337,0.0242889,-0.171546,1.64208,12.2176,-0.0892277,-1,-0.390469
2.03456,0.071025,-0.11464,1.61413,12.2371,-0.0466396,-1,-0.374687
2.03311,0.116626,-0.0558844,1.70813,12.262,-0.205233,-1,-0.144138
2.03021,0.150851,-0.0122089,1.70061,12.2861,-0.163483,-1,-0.260578
2.02466,0.195785,-6.23907,1.69715,12.3093,-0.15233,-1,-0.251165
2.01586,0.239787,-6.18369,1.64907,12.3312,-0.0853861,-1,-0.21528
2.00773,0.272337,-6.14202,1.59382,12.3542,-0.00422347,-1,-0.266728
1.99525,0.314955,-6.08724,1.56306,12.3766,0.0401468,-1,-0.229527
1.98,0.356638,-6.0354,1.47794,12.3992,0.169271,-1,-0.180882
1.96739,0.387183,-5.99436,1.46947,12.423,0.165179,-1,-0.233102
1.94848,0.427259,-5.93919,1.46306,12.4465,0.176857,-1,-0.193527
1.9277,0.466594,-5.88425,1.48422,12.4703,0.148197,-1,-0.158871
1.90989,0.494589,-5.8424,1.48143,12.4952,0.140265,-1,-0.202369
1.885,0.531396,-5.78546,1.52696,12.5188,0.0834753,-1,-0.161663
1.86626,0.559331,-5.74423,1.52248,12.5435,0.0830673,-1,-0.192222
1.83691,0.593446,-5.69103,1.55035,12.5686,0.0492434,-1,-0.163683
1.80665,0.626147,-5.63726,1.57707,12.5935,0.0163011,-1,-0.131546
1.78247,0.649914,-5.58821,1.57967,12.6194,0.010983,-0.962244,-0.155469
1.74956,0.680296,-5.54011,1.57166,12.645,0.0220962,-0.941218,-0.127384
1.72364,0.701602,-5.4973,1.55668,12.6709,0.0397238,-0.90543,-0.155419
1.68684,0.727729,-5.43905,1.51828,12.6976,0.101665,-0.861785,-0.110184
1.64944,0.752473,-5.385,1.50196,12.725,0.137111,-0.810325,-0.0766415
1.61146,0.775587,-5.33089,1.49697,12.7522,0.160327,-0.744829,-0.0405619
1.58035,0.790864,-5.28526,1.48513,12.7806,0.185145,-0.678254,-0.0957449
1.5407,0.810531,-5.24026,1.47684,12.8077,0.214995,-0.604385,-0.0723629
1.50946,0.823811,-5.20481,1.46812,12.835,0.227418,-0.550888,-0.139596
1.46763,0.840716,-5.15432,1.53219,12.8619,0,-0.232404,0
1.42435,0.855495,-5.10969,1.51236,12.8919,0,-0.220508,0
1.39074,0.865145,-5.08168,1.53222,12.9219,0,-0.209011,0
1.34558,0.878364,-5.05917,1.55188,12.9519,0,-0.197914,0
1.31234,0.88844,-5.03617,1.55537,12.9819,0,-0.187217,0
1.26649,0.901064,-5.01404,1.57234,13.0119,0,-0.176919,0
1.21996,0.912605,-4.99457,1.58613,13.0419,0,-0.16702,0
1.18571,0.921569,-4.9802,1.53414,13.0719,0,-0.157522,0
1.1388,0.932284,-4.96191,1.58195,13.1019,0,-0.148423,0
1.09118,0.94238,-4.94443,1.57748,13.1319,0,-0.139723,0
1.05514,0.949558,-4.93231,1.58668,13.1619,0,-0.131424,0
1.00699,0.958985,-4.91878,1.58162,13.1919,0,-0.123524,0
0.957933,0.967319,-4.90443,1.59318,13.2219,0,-0.116023,0
0.921925,0.974011,-4.89438,1.57993,13.2519,0,-0.108922,0
0.871751,0.980939,-4.88458,1.62207,13.2736,0,-0.104051,0
0.823404,0.988764,-4.8707,1.62937,13.3036,0,-0.0976381,0
0.786671,0.994145,-4.86368,1.63111,13.3336,-0.0788313,-0.329786,-0.408606
0.735682,0.999768,-4.85589,1.63902,13.3595,0,-0.0867519,0
0.698792,1.00457,-4.84842,1.64831,13.3855,-0.0972457,-0.350491,-0.386019
0.648323,1.01038,-4.83823,1.63609,13.4117,0,-0.0778435,0
0.609646,1.01421,-4.82496,1.62619,13.4417,0,-0.07327,0
0.57181,1.01751,-4.81597,2.04343,13.4684,-0.288917,-0.194479,-0.259376
0.50935,1.02312,-4.81181,2.18713,13.491,-0.354644,-0.201151,-0.210059
0.458023,1.02704,-4.79641,2.1903,13.5149,-0.387698,-0.183558,-0.197054
0.422061,1.03041,-4.79463,2.17717,13.5389,-0.376201,-0.202916,-0.198615
0.370066,1.03272,-4.78381,2.17979,13.5633,-0.407827,-0.19781,-0.182112
0.319294,1.03543,-4.7745,2.20984,13.5878,-0.440046,-0.190745,-0.161793
0.282445,1.03722,-4.76259,2.24085,13.6121,-0.512177,-0.183887,-0.242884
0.23254,1.039,-4.74977,1.83266,13.6364,-0.405506,-0.274664,-0.175075
0.207158,1.03912,-4.74507,1.64216,13.6646,0,-0.051803,0
0.145763,1.0398,-4.72242,1.88427,13.6922,-0.446495,-0.134617,-0.177134
0.0958799,1.03866,-4.70485,1.94695,13.7174,-0.4918,-0.0239151,-0.128911
0.0586722,1.03779,-4.69684,1.93682,13.7434,-0.477852,-0.00463247,-0.142545
0.00850049,1.03585,-4.68952,1.94258,13.77,-0.50188,0.0156871,-0.109359
-0.0406707,1.03465,-4.6855,1.94044,13.797,-0.522836,0.00428187,-0.0814277
-0.07823,1.0334,-4.68565,1.93517,13.8243,-0.510095,-0.0465221,-0.108321
-0.127423,1.03242,-4.68632,1.94739,13.8519,-0.526101,-0.102537,-0.0855648
-0.176082,1.03166,-4.6865,1.68753,13.881,0,-0.0520731,0
-0.212364,1.03111,-4.68606,1.59968,13.911,0,-0.0537518,0
-0.261596,1.02994,-4.68615,1.59579,13.941,0,-0.0558301,0
-0.310795,1.02888,-4.68552,1.59284,13.971,0,-0.058308,0
-0.347884,1.02793,-4.68474,1.58091,14.001,0,-0.0611855,0
-0.397762,1.02678,-4.68398,1.57396,14.031,0,-0.0644627,0
-0.434557,1.02634,-4.67934,1.58345,14.061,0,-0.0681395,0
-0.484752,1.02503,-4.67914,1.6101,14.091,0,-0.0722159,0
-0.534859,1.02359,-4.67874,1.61768,14.121,0,-0.076692,0
-0.572466,1.02274,-4.67633,1.62384,14.151,0,-0.0815677,0
-0.622598,1.02145,-4.67716,1.6166,14.181,0,-0.086843,0
-0.673915,1.01968,-4.6771,1.6306,14.211,-0.0536749,-0.62997,-0.125469
-0.712023,1.01849,-4.67635,1.63714,14.2371,-0.0550743,-0.6358,-0.137108
-0.763349,1.01667,-4.67197,1.6555,14.2633,-0.0661757,-0.6525,-0.113864
-0.814212,1.01256,-4.64031,1.65519,14.2897,-0.0733235,-0.659345,-0.0958987
-0.851522,1.00771,-4.60836,1.65759,14.3165,-0.0852051,-0.647121,-0.124044
-0.900223,0.998366,-4.56533,1.64067,14.344,0,-0.122482,0
-0.936283,0.989763,-4.53202,1.64049,14.374,0,-0.130328,0
-0.983673,0.976402,-4.49277,1.64828,14.404,0,-0.138574,0
-1.03087,0.962668,-4.46768,1.63968,14.434,0,-0.147219,0
-1.06706,0.951775,-4.45653,1.63705,14.464,0,-0.156264,0
-1.11472,0.937347,-4.43911,1.76454,14.491,-0.285559,-0.47911,-0.251492
-1.15102,0.925985,-4.42984,1.77897,14.514,-0.284038,-0.507398,-0.248817
-1.19866,0.91087,-4.41423,1.87356,14.5366,-0.372994,-0.494432,-0.199904
-1.23392,0.898746,-4.39273,1.90097,14.561,-0.388808,-0.471139,-0.212513
-1.25726,0.889403,-4.38235,2.05563,14.5834,-0.414726,-0.40861,-0.228856
-1.30271,0.87007,-4.34994,2.18581,14.6062,-0.546327,-0.371129,-0.282359
-1.36887,0.838004,-4.30053,2.45027,14.6294,-0.694032,-0.182338,-0.173504
-1.40103,0.820836,-4.27794,2.35359,14.654,-0.689163,-0.207589,-0.19063
-1.4434,0.797219,-4.25151,2.33207,14.6788,-0.719067,-0.209094,-0.173142
-1.48535,0.773312,-4.23148,2.22229,14.7033,-0.750564,-0.295408,-0.159591
-1.51626,0.755313,-4.21663,2.25561,14.7282,-0.714912,-0.364901,-0.190327
-1.55692,0.730849,-4.19633,2.00579,14.7542,-0.586279,-0.528136,-0.0712789
-1.59653,0.706009,-4.17644,1.66946,14.7815,0,-0.276466,0
-1.6261,0.686554,-4.15818,1.60272,14.8115,0,-0.29014,0
-1.66241,0.659806,-4.12065,1.57691,14.8415,0,-0.304213,0
-1.69814,0.631016,-4.09039,1.54781,14.8715,0,-0.318685,0
-1.72688,0.607704,-4.0757,1.54037,14.9015,0.0510187,-0.935239,-0.287802
-1.76409,0.576539,-4.04944,1.53471,14.9231,0.0610875,-0.979848,-0.253835
-1.79138,0.552944,-4.03069,1.54054,14.945,0.0489976,-0.995666,-0.281142
-1.82561,0.521096,-4.00008,1.55591,14.9672,0.0318301,-1,-0.26686
-1.85864,0.485969,-3.94746,1.57217,14.9891,0.0161481,-1,-0.226581
-1.88076,0.458608,-3.90323,1.55536,15.0121,0.0385195,-1,-0.252866
-1.90872,0.420074,-3.84891,1.56502,15.0356,0.0293441,-1,-0.225802
-1.9339,0.380035,-3.79387,1.57286,15.0585,0.0214558,-1,-0.187485
-1.95144,0.349202,-3.74926,1.57991,15.0823,0.00897943,-1,-0.243019
-1.97208,0.307383,-3.69343,1.5578,15.1054,0.0485652,-1,-0.212201
-1.99064,0.263956,-3.63345,1.5868,15.1285,0.000835554,-1,-0.178911
-2.00238,0.231157,-3.58748,1.55192,15.1523,0.060833,-1,-0.257906
-2.01627,0.186521,-3.52868,1.5635,15.175,0.0442209,-1,-0.236541
-2.02763,0.141719,-3.47186,1.56797,15.1971,0.0390261,-1,-0.216043
-2.03457,0.107209,-3.42981,1.60464,15.2184,-0.033094,-1,-0.309709
-2.04099,0.0616434,-3.36912,1.60853,15.2378,-0.0441414,-1,-0.247727
-2.04431,0.0264744,-3.33089,1.6336,15.2589,-0.0845909,-1,-0.360581
-2.04614,-0.0191705,-3.27468,1.59536,15.2793,-0.0169938,-1,-0.353549
-2.04524,-0.0645841,-3.2168,1.60977,15.298,-0.0481423,-1,-0.320194
-2.0427,-0.098463,-3.17374,1.60442,15.3243,-0.0283502,-1,-0.199439
-2.03762,-0.143042,-3.11743,1.52423,15.3491,0.125718,-1,-0.22407
-2.0317,-0.176239,-3.07565,1.53036,15.3713,0.0973342,-1,-0.309077
-2.02191,-0.219471,-3.01706,1.48832,15.3936,0.174461,-1,-0.265802
-2.00974,-0.262737,-2.96077,1.46141,15.4162,0.225503,-1,-0.221693
-1.99906,-0.294803,-2.9181,1.46012,15.4389,0.207174,-1,-0.274798
-1.98273,-0.336661,-2.85984,1.47316,15.4622,0.190186,-1,-0.234233
-1.96366,-0.378085,-2.80469,1.47516,15.4857,0.190644,-1,-0.190071
-1.94779,-0.408105,-2.76271,1.47932,15.5094,0.168336,-1,-0.236588
-1.92465,-0.447453,-2.70666,1.48344,15.533,0.169433,-1,-0.182318
-1.89948,-0.485298,-2.64839,1.4955,15.5571,0.158472,-1,-0.124837
-1.87926,-0.512926,-2.60475,1.48837,15.5828,0.158148,-1,-0.176085
-1.85096,-0.548162,-2.54624,1.50296,15.6081,0.143124,-0.994986,-0.128362
-1.81982,-0.581804,-2.48925,1.49512,15.6336,0.168603,-0.956151,-0.065888
-1.79535,-0.606003,-2.44648,1.50151,15.6608,0.145329,-0.928926,-0.135548
-1.76152,-0.636279,-2.38869,1.50356,15.6874,0.155324,-0.885586,-0.0865895
-1.73442,-0.657807,-2.34685,1.50539,15.7143,0.144376,-0.85352,-0.144473
-1.69688,-0.684451,-2.28782,1.50836,15.7419,0,-0.312199,0
-1.6583,-0.709452,-2.23278,1.50179,15.7706,0,-0.298513,0
-1.62847,-0.727064,-2.19476,1.49442,15.7997,0,-0.284995,0
-1.5876,-0.749465,-2.15326,1.47836,15.8297,0,-0.27147,0
-1.54625,-0.771491,-2.11678,1.49292,15.8597,0,-0.258346,0
-1.51485,-0.787426,-2.09297,1.5125,15.8897,0,-0.245621,0
-1.47213,-0.808152,-2.06673,1.51062,15.9197,0,-0.233295,0
-1.42874,-0.828248,-2.04289,1.52986,15.9497,0,-0.221369,0
-1.3959,-0.843031,-2.02739,1.55714,15.9797,0,-0.209843,0
-1.3517,-0.862266,-2.00617,1.55699,16.0097,0,-0.198717,0
-1.31767,-0.875998,-1.98895,1.56745,16.0364,0.00538866,-0.631095,-0.327439
-1.2727,-0.894014,-1.97045,1.5885,16.0631,-0.0182583,-0.63926,-0.301543
-1.22695,-0.91112,-1.95115,1.59313,16.0842,0,-0.172815,0
-1.1926,-0.923032,-1.9299,1.59762,16.1115,-0.027936,-0.636964,-0.271415
-1.14631,-0.937698,-1.90447,1.57783,16.1388,0,-0.155411,0
-1.09969,-0.951061,-1.87778,1.58909,16.1688,0,-0.146403,0
-1.06407,-0.960285,-1.85775,1.62316,16.1988,-0.058504,-0.573055,-0.288671
-1.01684,-0.972014,-1.84122,1.62312,16.2259,-0.0584069,-0.57903,-0.270197
-0.981066,-0.980433,-1.82787,1.62284,16.2479,-0.0580452,-0.576815,-0.263559
-0.933461,-0.990917,-1.80625,1.63523,16.2752,0,-0.117668,0
-0.885968,-1.00003,-1.77775,1.63505,16.3026,0,-0.111093,0
-0.83793,-1.00677,-1.74888,1.63467,16.3326,0,-0.104267,0
-0.801883,-1.01142,-1.73027,1.62296,16.3626,0,-0.0978408,0
-0.753456,-1.01661,-1.71216,1.58957,16.3926,0,-0.0918143,0
-0.716676,-1.0206,-1.70206,1.58983,16.4226,0,-0.0861874,0
-0.668064,-1.02585,-1.69216,1.57509,16.4526,0,-0.0809601,0
-0.618699,-1.03065,-1.68141,1.60885,16.4826,0,-0.0761325,0
-0.581957,-1.03436,-1.67402,1.61256,16.5126,0,-0.0717045,0
-0.53249,-1.03866,-1.66481,1.62005,16.5426,0,-0.0676761,0
-0.483051,-1.04287,-1.65972,1.61214,16.5726,0,-0.0640474,0
-0.445873,-1.046,-1.65583,1.62848,16.6026,0,-0.0608183,0
-0.396179,-1.05004,-1.65151,1.62028,16.629,0,-0.0583081,0
-0.346288,-1.05356,-1.64692,1.63515,16.6556,0,-0.0560908,0
-0.308569,-1.05583,-1.63784,1.60101,16.6856,0,-0.0539672,0
-0.258307,-1.05796,-1.6256,1.62816,16.7156,0,-0.0522433,0
-0.220831,-1.0594,-1.61763,1.63811,16.7456,-0.0831221,-0.374465,-0.353151
-0.170247,-1.06068,-1.61036,1.637,16.7721,0,-0.0500824,0
-0.120005,-1.06228,-1.60304,1.63863,16.7986,0,-0.0495564,0
-0.0820481,-1.06297,-1.59443,1.65695,16.8252,0,-0.0493419,0
-0.0316723,-1.06347,-1.58666,1.66003,16.8552,0,-0.0494783,0
0.0190936,-1.06359,-1.57796,1.66371,16.8819,0,-0.049936,0
0.0571599,-1.06292,-1.56813,1.6651,16.9119,0,-0.0508279,0
0.107848,-1.06212,-1.5632,1.66707,16.9419,0,-0.0521193,0
0.14599,-1.06129,-1.55753,1.65788,16.9686,0,-0.0536024,0
0.197045,-1.06022,-1.55126,1.6752,16.9955,0,-0.0554144,0
0.247649,-1.05873,-1.54163,1.6539,17.0255,0,-0.0578182,0
0.298472,-1.05631,-1.52964,1.66774,17.0555,0,-0.0606217,0
0.336656,-1.05387,-1.52139,1.65956,17.0855,0,-0.0638247,0
0.387573,-1.05059,-1.51527,1.64951,17.1155,0,-0.0674274,0
0.426009,-1.04797,-1.51236,1.64076,17.1455,0,-0.0714297,0
0.477143,-1.04436,-1.50777,1.64182,17.1755,0,-0.0758317,0
0.528227,-1.0407,-1.5014,1.64229,17.199,0,-0.079565,0
0.566542,-1.03788,-1.49762,1.63508,17.229,0,-0.0846801,0
0.617037,-1.03382,-1.48806,1.6334,17.259,0,-0.0901948,0
0.667775,-1.02845,-1.48006,1.64397,17.2859,0,-0.0954897,0
0.705861,-1.02434,-1.4766,1.63601,17.3105,0,-0.100603,0
0.75611,-1.01854,-1.46531,1.68016,17.3356,-0.1206,-0.55167,-0.233427
0.806386,-1.01046,-1.43837,1.67624,17.3584,-0.138441,-0.560495,-0.206328
0.843626,-1.00414,-1.42162,1.66133,17.3822,0,-0.117039,0
0.880461,-0.996541,-1.40024,1.65146,17.4122,0,-0.124595,0
0.928486,-0.985085,-1.3637,1.67904,17.4422,0,-0.13255,0
0.976443,-0.971286,-1.33559,1.67643,17.4722,0,-0.140905,0
1.01289,-0.960995,-1.324,1.6656,17.5022,0,-0.14966,0
1.06112,-0.946702,-1.3087,1.88587,17.5269,-0.355739,-0.321728,-0.270085
1.10971,-0.93217,-1.29366,1.87811,17.5494,-0.38496,-0.364397,-0.240482
1.15831,-0.917013,-1.27796,1.89718,17.5723,-0.426511,-0.395046,-0.197692
1.19347,-0.905685,-1.26681,1.88625,17.5962,-0.399779,-0.441556,-0.211346
1.24115,-0.888826,-1.24344,1.86601,17.6203,-0.423326,-0.470582,-0.175291
1.27611,-0.875284,-1.22221,1.87484,17.6449,-0.425715,-0.462386,-0.191796
1.3215,-0.855619,-1.19107,1.73331,17.6695,-0.346509,-0.573558,-0.143989
1.35529,-0.839718,-1.1675,1.74068,17.6959,-0.345624,-0.559532,-0.191866
1.39914,-0.817018,-1.13789,1.78357,17.7214,-0.437284,-0.514489,-0.150179
1.44185,-0.793483,-1.1046,1.76593,17.7484,-0.460809,-0.513346,-0.112835
1.48371,-0.767968,-1.06589,1.75623,17.7744,-0.520555,-0.435279,-0.026881
1.51381,-0.74827,-1.04284,1.76848,17.802,-0.487092,-0.489691,-0.143508
1.55342,-0.720835,-1.00768,1.75953,17.8295,-0.512039,-0.491173,-0.112254
1.59231,-0.691683,-0.972093,1.60503,17.8583,0,-0.28411,0
1.6196,-0.669417,-0.949769,1.55518,17.8883,0,-0.298009,0
1.65718,-0.637756,-0.920209,1.5771,17.9183,0,-0.312306,0
1.68467,-0.613878,-0.900177,1.59216,17.9483,0,-0.327004,0
1.72159,-0.58082,-0.878779,1.63418,17.9783,0,-0.342101,0
1.7568,-0.547851,-0.853798,1.59568,18.0083,0,-0.357597,0
1.78287,-0.522125,-0.839034,1.60166,18.0342,-0.0322223,-0.920857,-0.406736
1.81821,-0.486838,-0.81177,1.61234,18.0529,-0.0417665,-0.982306,-0.360621
1.85246,-0.451032,-0.784267,1.62153,18.0722,-0.0488836,-1,-0.318808
1.8763,-0.423578,-0.744802,1.60125,18.0926,-0.0248123,-1,-0.324891
1.90503,-0.384196,-0.687752,1.54777,18.1139,0.0508694,-1,-0.273904
1.93062,-0.343689,-0.632024,1.56345,18.1354,0.033975,-1,-0.219258
1.9479,-0.312201,-0.593312,1.55885,18.1583,0.0390888,-1,-0.269415
1.96896,-0.269947,-0.534688,1.56168,18.1816,0.0394171,-1,-0.24061
1.98276,-0.236723,-0.489746,1.55799,18.2037,0.0441785,-1,-0.284366
1.99952,-0.192083,-0.432365,1.54489,18.2266,0.0719585,-1,-0.259033
2.01309,-0.146848,-0.376986,1.5318,18.2492,0.101068,-1,-0.24134
2.02126,-0.112686,-0.329771,1.53277,18.2712,0.0937006,-1,-0.313731
2.03004,-0.0664928,-0.272749,1.60005,18.2912,-0.022857,-1,-0.283176
2.03676,-0.0195419,-0.216055,1.60621,18.3119,-0.034084,-1,-0.257544
2.03907,0.0148058,-0.172519,1.59754,18.333,-0.017974,-1,-0.35904
2.0402,0.0614115,-0.113366,1.60354,18.3533,-0.0292236,-1,-0.349393
2.03877,0.107212,-0.0600314,1.78974,18.3747,-0.356055,-1,-0.0765983
2.0354,0.141194,-0.0160645,1.79294,18.4003,-0.292852,-1,-0.238277
2.03006,0.186526,-6.2428,1.80228,18.4225,-0.296718,-1,-0.219372
2.02133,0.23075,-6.18674,1.72991,18.4453,-0.204049,-1,-0.195958
2.01365,0.263372,-6.14402,1.85069,18.4679,-0.30633,-1,-0.254625
2.00155,0.306071,-6.08943,1.79873,18.4906,-0.255617,-1,-0.230684
1.99044,0.337485,-6.04847,1.80754,18.5133,-0.241899,-1,-0.263696
1.97319,0.37813,-5.99598,1.583,18.5368,0.0103411,-1,-0.22968
1.95954,0.408088,-5.95464,1.5848,18.5604,0.00587565,-1,-0.265471
1.939,0.447267,-5.90089,1.61842,18.5833,-0.0349457,-1,-0.23153
1.91675,0.485513,-5.84439,1.56867,18.6075,0.0283534,-1,-0.190623
1.8923,0.522493,-5.79624,1.45848,18.6317,0.182875,-1,-0.142236
1.87277,0.54911,-5.74841,1.47379,18.657,0.153502,-1,-0.178405
1.84389,0.583045,-5.68965,1.49163,18.682,0.136216,-1,-0.13719
1.81417,0.615857,-5.64199,1.49496,18.7072,0.132043,-0.994332,-0.11384
1.79087,0.639617,-5.59635,1.44653,18.7336,0.195653,-0.945118,-0.140487
1.75734,0.66939,-5.53653,1.45032,18.7599,0.204747,-0.900294,-0.0976324
1.73192,0.691351,-5.50224,1.45321,18.7863,0.185519,-0.882496,-0.153297
1.69573,0.718131,-5.44673,1.47614,18.8128,0.164949,-0.84774,-0.124654
1.65947,0.743202,-5.39492,1.46231,18.8395,0.198673,-0.79542,-0.0926665
1.62968,0.760232,-5.35036,1.46783,18.8663,0.192218,-0.750747,-0.134895
1.59058,0.78251,-5.3021,1.47839,18.8935,0.188935,-0.704366,-0.116096
1.56023,0.797252,-5.26387,1.46115,18.9196,0.219333,-0.645363,-0.1562
1.5188,0.816134,-5.21495,1.47934,18.9462,0.212952,-0.56605,-0.129143
1.47663,0.832936,-5.16934,1.49441,18.9729,0,-0.236086,0
1.43349,0.84878,-5.12103,1.51724,19.0017,0,-0.224518,0
1.39976,0.858856,-5.09493,1.52332,19.0317,0,-0.212885,0
1.36675,0.869009,-5.06719,1.47906,19.0617,0,-0.201651,0
1.32175,0.882169,-5.03927,1.59796,19.0917,0,-0.190818,0
1.27537,0.894434,-5.01734,1.6063,19.1217,0,-0.180384,0
1.22954,0.906638,-4.9964,1.6124,19.1517,0,-0.170349,0
1.19414,0.915178,-4.98128,1.61442,19.1817,0,-0.160714,0
1.14708,0.926312,-4.96418,1.73773,19.2081,-0.23306,-0.205338,-0.351143
1.09977,0.936913,-4.94648,1.75556,19.2277,-0.293022,-0.187399,-0.308931
1.06393,0.943824,-4.93304,1.68386,19.2487,0,-0.140647,0
1.01662,0.953164,-4.91942,1.70049,19.2787,0,-0.132304,0
0.968598,0.961471,-4.90373,1.70644,19.3087,0,-0.124361,0
0.931934,0.967075,-4.89144,1.71632,19.3353,-0.247387,-0.240661,-0.344102
0.883599,0.974767,-4.87864,1.71011,19.3555,0,-0.112772,0
0.84675,0.979694,-4.86846,1.58694,19.3855,0,-0.105851,0
0.797922,0.986103,-4.85384,1.58785,19.4155,0,-0.0993305,0
0.748202,0.991812,-4.84355,1.59354,19.4455,0,-0.0932091,0
0.710701,0.995745,-4.83739,1.59233,19.4755,0,-0.0874873,0
0.661516,1.00094,-4.82379,1.6073,19.5055,0,-0.0821651,0
0.611837,1.00557,-4.81138,1.59805,19.5355,0,-0.0772426,0
0.571814,1.00802,-4.8022,1.61613,19.5655,0,-0.0727197,0
0.520845,1.01194,-4.795,1.66087,19.5955,0,-0.0685965,0
0.470203,1.01553,-4.79065,1.68243,19.6255,0,-0.0648729,0
0.431583,1.01822,-4.78718,1.70175,19.6555,0,-0.0615489,0
0.380966,1.02193,-4.781,1.71079,19.6823,0,-0.0589147,0
0.343265,1.02491,-4.77639,1.70169,19.7091,0,-0.0565998,0
0.291731,1.02766,-4.76934,1.70404,19.7362,0,-0.0545916,0
0.253294,1.0295,-4.7626,1.69414,19.7662,0,-0.052742,0
0.201406,1.03147,-4.75571,1.71395,19.7962,-0.216558,-0.342923,-0.302935
0.149174,1.03253,-4.7469,1.72958,19.8231,-0.255063,-0.345717,-0.273652
0.0985247,1.03456,-4.73634,1.72611,19.8504,-0.27744,-0.350162,-0.253465
0.0598303,1.03539,-4.73406,1.71121,19.8779,0,-0.0493696,0
0.0208126,1.03589,-4.72457,1.69484,19.9079,0,-0.0494076,0
-0.04344,1.03596,-4.71613,1.77853,19.9329,-0.356248,-0.333901,-0.189525
-0.0826655,1.03573,-4.71483,1.76845,19.9573,-0.335483,-0.370014,-0.18143
-0.134522,1.03527,-4.7051,1.74318,19.9826,-0.352086,-0.404534,-0.118681
-0.185801,1.03341,-4.6836,1.75309,20.0101,-0.454025,-0.292571,-0.0681213
-0.223974,1.03114,-4.66569,1.74005,20.0386,-0.466198,-0.159955,-0.124971
-0.274517,1.02633,-4.6436,1.75592,20.066,-0.47999,0.0789795,-0.0457715
-0.312256,1.0228,-4.63183,1.66052,20.0942,0,-0.0585933,0
-0.362903,1.01712,-4.61843,1.65779,20.1242,0,-0.0615131,0
-0.413363,1.01198,-4.62038,1.65787,20.1542,0,-0.0648325,0
-0.451792,1.00817,-4.61714,1.65584,20.1842,0,-0.0685515,0
-0.502827,1.00337,-4.6147,1.66588,20.2142,0,-0.0726702,0
-0.541081,0.999851,-4.61295,1.64412,20.2442,0,-0.0771885,0
-0.592208,0.995122,-4.60835,1.68376,20.2742,0,-0.0821065,0
-0.643693,0.989928,-4.60727,1.69347,20.3042,0,-0.087424,0
-0.694731,0.984759,-4.60414,1.70562,20.3342,0,-0.0931412,0
-0.73367,0.980552,-4.60193,1.6996,20.3642,0,-0.099258,0
-0.785298,0.974784,-4.6,1.68283,20.3942,0,-0.105774,0
-0.823781,0.970487,-4.59675,1.68422,20.4242,0,-0.112691,0
-0.87574,0.96452,-4.59287,1.69051,20.4517,0,-0.119395,0
-0.927016,0.95869,-4.58586,1.71074,20.4789,-0.161535,-0.654364,-0.0974038
-0.965861,0.953008,-4.57025,1.71511,20.5058,-0.163619,-0.654527,-0.119388
-1.01612,0.943021,-4.53004,1.72656,20.5325,-0.218166,-0.646564,-0.0923444
-1.06494,0.929767,-4.48698,1.72313,20.5594,-0.290163,-0.61964,-0.0440855
-1.10053,0.91809,-4.45239,1.71331,20.5875,0,-0.157341,0
-1.14747,0.90055,-4.40882,1.68825,20.6175,0,-0.166831,0
-1.18227,0.885987,-4.37805,1.68002,20.6475,0,-0.176722,0
-1.22792,0.865387,-4.35047,1.67513,20.6775,0,-0.187012,0
-1.27213,0.845742,-4.32579,1.69429,20.7075,0,-0.197702,0
-1.30823,0.828666,-4.31186,1.67999,20.7375,0,-0.208791,0
-1.35352,0.807176,-4.29164,1.66996,20.7675,0,-0.22028,0
-1.3977,0.785185,-4.26999,1.67632,20.7975,0,-0.232169,0
-1.43261,0.766308,-4.25881,1.6626,20.8275,0,-0.244457,0
-1.47648,0.743017,-4.23551,1.67166,20.8575,0,-0.257145,0
-1.52199,0.717083,-4.22237,1.74881,20.8811,-0.284498,-0.739198,-0.247189
-1.55464,0.698241,-4.20386,1.72032,20.9037,-0.229945,-0.790458,-0.248365
-1.59648,0.672266,-4.17358,1.7309,20.9288,-0.246663,-0.826845,-0.216557
-1.62643,0.650665,-4.13536,1.70645,20.9523,0,-0.299876,0
-1.66701,0.618484,-4.09067,1.72651,20.9823,-0.271995,-0.85625,-0.219839
-1.70214,0.585748,-4.03114,1.69434,21.0076,0,-0.326647,0
-1.72932,0.558884,-4.0046,1.67355,21.0353,0,-0.34058,0
-1.76295,0.52287,-3.95836,1.66441,21.0653,0,-0.356037,0
-1.79456,0.485798,-3.91595,1.6736,21.0953,0,-0.371893,0
-1.81825,0.456928,-3.89186,1.65537,21.1253,0,-0.388149,0
-1.84881,0.418054,-3.8627,1.6968,21.1518,-0.165196,-0.994676,-0.349175
-1.87142,0.388456,-3.83801,1.69434,21.1714,-0.151042,-1,-0.349027
-1.90068,0.348526,-3.80995,1.67514,21.1918,-0.120979,-1,-0.317185
-1.92713,0.307368,-3.76462,1.70422,21.2127,-0.159103,-1,-0.279281
-1.95,0.265686,-3.70559,1.65261,21.2342,-0.105102,-1,-0.226015
-1.96451,0.233648,-3.65746,1.59849,21.2571,-0.0223885,-1,-0.264391
-1.98165,0.189781,-3.6017,1.62258,21.2786,-0.0624437,-1,-0.224557
-1.99289,0.156547,-3.55829,1.59304,21.3011,-0.0122952,-1,-0.289999
-2.00536,0.111818,-3.50162,1.62195,21.3227,-0.0600328,-1,-0.269222
-2.01532,0.0667502,-3.44698,1.62275,21.3447,-0.0613565,-1,-0.267014
-2.02142,0.0325575,-3.40515,1.62237,21.3658,-0.056571,-1,-0.346047
-2.02649,-0.0122819,-3.34903,1.63419,21.3866,-0.0762598,-1,-0.346331
-2.02919,-0.0575652,-3.29267,1.61053,21.4064,-0.0388823,-1,-0.33643
-2.02946,-0.0908765,-3.24933,1.56624,21.4255,0.0542354,-1,-0.0909873
-2.02724,-0.135545,-3.19388,1.51651,21.4516,0.137534,-1,-0.172505
-2.02431,-0.168973,-3.15118,1.47619,21.4752,0.182588,-1,-0.275656
-2.01784,-0.213543,-3.09325,1.47061,21.4982,0.188462,-1,-0.251504
-2.00906,-0.257712,-3.03782,1.45989,21.521,0.20268,-1,-0.223031
-2.00065,-0.290385,-2.99528,1.45754,21.5437,0.187191,-1,-0.271863
-1.98725,-0.333754,-2.93762,1.45856,21.567,0.186926,-1,-0.232657
-1.97188,-0.376232,-2.88067,1.45248,21.5905,0.197253,-1,-0.192298
-1.9584,-0.407848,-2.8378,1.45771,21.6143,0.17478,-1,-0.229999
-1.93861,-0.448769,-2.78043,1.47727,21.6386,0.149722,-1,-0.194296
-1.91619,-0.488755,-2.72358,1.45923,21.6625,0.179764,-1,-0.14164
-1.89813,-0.517993,-2.68226,1.48062,21.6878,0.137313,-1,-0.187517
-1.87176,-0.55536,-2.62396,1.51666,21.7126,0.0944099,-1,-0.149122
-1.84325,-0.59163,-2.56644,1.51268,21.7379,0.103994,-1,-0.102694
-1.82067,-0.617264,-2.52148,1.49553,21.7644,0.120511,-1,-0.137711
-1.78888,-0.649956,-2.46158,1.49511,21.7914,0.127167,-0.976124,-0.102486
-1.75509,-0.681298,-2.40548,1.48385,21.8178,0.15025,-0.93655,-0.0581432
-1.72824,-0.703332,-2.36153,1.51282,21.8455,0.10289,-0.910533,-0.113481
-1.69148,-0.730959,-2.30513,1.53265,21.8726,0.0810762,-0.874525,-0.0823726
-1.6625,-0.750116,-2.26276,1.4836,21.8999,0.151564,-0.825729,-0.111801
-1.62295,-0.774196,-2.20656,1.51788,21.927,0.112067,-0.783699,-0.0807644
-1.58207,-0.796213,-2.15313,1.54044,21.9539,0.0847798,-0.729978,-0.0403026
-1.55064,-0.811404,-2.11258,1.53978,21.9819,0.0838888,-0.68154,-0.106648
-1.50785,-0.829973,-2.06153,1.58023,22.0095,0,-0.245717,0
-1.46414,-0.846485,-2.0135,1.58131,22.0395,0,-0.233389,0
-1.43112,-0.857932,-1.98132,1.61442,22.0695,0,-0.22146,0
-1.38629,-0.87283,-1.94843,1.6177,22.0995,0,-0.209931,0
-1.3409,-0.887662,-1.92533,1.612,22.1295,0,-0.198801,0
-1.30635,-0.898497,-1.90679,1.61006,22.1595,0,-0.188071,0
-1.2604,-0.912184,-1.8851,1.61665,22.1895,0,-0.177741,0
-1.24853,-0.91543,-1.87897,1.56678,22.2155,0,-0.169111,0
-1.1778,-0.93477,-1.85389,1.60202,22.2455,0,-0.159526,0
-1.14214,-0.943782,-1.83959,1.79772,22.2722,-0.260513,-0.34217,-0.315619
-1.0947,-0.955126,-1.82197,1.87905,22.2937,-0.339159,-0.313555,-0.26577
-1.08289,-0.957882,-1.8177,1.8915,22.3155,-0.288531,-0.306016,-0.298672
-1.02344,-0.970631,-1.79473,2.06008,22.3386,-0.395639,-0.243712,-0.227329
-0.964192,-0.981647,-1.76725,2.57141,22.3617,-0.559582,-0.124719,-0.210447
-0.916301,-0.988769,-1.74759,2.55628,22.3854,-0.585953,-0.0961956,-0.197768
-0.880456,-0.993546,-1.73361,2.57513,22.4094,-0.577267,-0.083465,-0.198833
-0.833159,-0.999669,-1.71706,2.24603,22.4334,-0.523434,-0.0829844,-0.128604
-0.786168,-1.00531,-1.70599,2.24072,22.4594,-0.535774,-0.0870237,-0.116904
-0.739765,-1.01057,-1.69479,2.00495,22.4857,-0.527029,-0.132009,-0.0967035
-0.705026,-1.01427,-1.68687,2.07274,22.5125,-0.509732,-0.130077,-0.127106
-0.658945,-1.01876,-1.67618,1.52994,22.5412,0,-0.0864394,0
-0.624819,-1.02203,-1.6692,1.54415,22.5712,0,-0.0811937,0
-0.578769,-1.0257,-1.66295,1.52437,22.6012,0,-0.0763475,0
-0.531421,-1.02876,-1.65174,1.54149,22.6312,0,-0.071901,0
-0.495981,-1.03121,-1.64679,1.52083,22.6612,0,-0.0678541,0
-0.4482,-1.03416,-1.63882,1.53443,22.6912,0,-0.0642068,0
-0.412536,-1.03643,-1.63401,1.53847,22.7212,0,-0.0609592,0
-0.364481,-1.03913,-1.62853,1.5391,22.7512,0,-0.0581112,0
-0.364481,-1.03913,-1.62853,1.53702,22.7812,0,-0.0556628,0
-0.267514,-1.044,-1.61677,2.07659,22.807,-0.404293,-0.198078,-0.189995
-0.230799,-1.04516,-1.61265,2.32829,22.8307,-0.487708,-0.175703,-0.23672
-0.182077,-1.04676,-1.60882,2.33441,22.8537,-0.516235,-0.19151,-0.220439
-0.145452,-1.04772,-1.6031,2.33725,22.8771,-0.515718,-0.189504,-0.220229
-0.0970189,-1.04875,-1.59354,2.33116,22.9008,-0.549683,-0.181849,-0.206661
-0.0486641,-1.04874,-1.58271,2.47058,22.9246,-0.584286,-0.138853,-0.179376
-0.0130966,-1.04873,-1.57508,1.94711,22.9492,-0.46733,-0.22855,-0.124326
0.0346979,-1.04785,-1.56277,1.93138,22.9762,-0.49156,-0.197355,-0.104
0.0699854,-1.04713,-1.55598,1.67727,23.0051,0,-0.0500118,0
0.117265,-1.0453,-1.54587,1.68764,23.0351,0,-0.0509461,0
0.141177,-1.04409,-1.54042,1.90549,23.0632,-0.402127,-0.156669,-0.21427
0.201345,-1.04087,-1.52976,2.16009,23.0881,-0.497773,-0.0817016,-0.134565
0.249449,-1.03796,-1.52201,2.45808,23.1129,-0.60268,-0.0507538,-0.179839
0.296943,-1.03483,-1.51134,2.49359,23.1377,-0.626069,-0.0253114,-0.163759
0.332754,-1.03226,-1.50412,2.55258,23.1626,-0.615214,-0.0185017,-0.166848
0.379836,-1.02867,-1.49656,2.57021,23.1879,-0.634325,-0.0137087,-0.155266
0.414905,-1.02595,-1.49474,2.5306,23.2131,-0.622275,-0.043479,-0.165435
0.461608,-1.02206,-1.49205,2.08833,23.2384,-0.557035,-0.118511,-0.0687016
0.508013,-1.01806,-1.49062,2.06179,23.2669,-0.551074,-0.179114,-0.0639799
0.554446,-1.01404,-1.48745,1.58937,23.2959,0,-0.075898,0
0.588991,-1.01102,-1.48376,1.57999,23.3259,0,-0.0807053,0
0.635089,-1.00638,-1.47871,1.5128,23.3559,0,-0.0859122,0
0.669988,-1.00287,-1.47493,1.54181,23.3859,0,-0.0915188,0
0.717103,-0.997848,-1.46857,1.78265,23.4159,-0.289408,-0.498942,-0.162089
0.764516,-0.992466,-1.46262,1.78179,23.4414,-0.2804,-0.536092,-0.132336
0.799795,-0.988349,-1.45885,1.79458,23.4671,-0.264356,-0.541471,-0.154828
0.847259,-0.982194,-1.44739,1.79321,23.4932,-0.263519,-0.564892,-0.135227
0.893671,-0.973864,-1.41656,2.01892,23.5188,-0.440002,-0.41014,-0.132133
0.928802,-0.965915,-1.38612,2.38877,23.5431,-0.581675,-0.247962,-0.207328
0.973636,-0.953817,-1.35256,2.37945,23.5672,-0.626856,-0.157965,-0.195278
1.0075,-0.94358,-1.32914,2.09139,23.5921,-0.532342,-0.14488,-0.132325
1.05229,-0.929254,-1.3021,2.13483,23.6166,-0.660013,-0.0741761,-0.209496
1.09614,-0.914978,-1.28429,2.13012,23.6406,-0.686704,-0.0604352,-0.186474
1.14026,-0.900546,-1.27176,2.1583,23.6649,-0.711457,-0.0933545,-0.165689
1.17334,-0.889717,-1.26333,1.70058,23.691,0,-0.171226,0
1.21662,-0.875451,-1.25761,1.56773,23.721,0,-0.181296,0
1.24984,-0.864154,-1.25171,1.58658,23.751,0,-0.191765,0
1.29398,-0.848854,-1.2413,1.51846,23.781,0,-0.202635,0
1.33862,-0.832783,-1.22856,1.50315,23.811,0,-0.213904,0
1.37253,-0.820398,-1.2208,1.49455,23.841,0,-0.225572,0
1.40583,-0.807499,-1.21205,1.5708,23.8683,0,-0.236544,0
1.45091,-0.789459,-1.1985,1.97953,23.8922,-0.286622,-0.665874,-0.242636
1.49556,-0.769963,-1.17227,2.02845,23.9153,-0.314353,-0.677788,-0.225912
1.53874,-0.748319,-1.14676,2.03886,23.938,-0.32577,-0.705182,-0.211403
1.57094,-0.731074,-1.11776,2.11487,23.9603,-0.377955,-0.724928,-0.278645
1.6025,-0.712386,-1.08325,2.1388,23.9818,-0.400827,-0.716896,-0.282927
1.65027,-0.679302,-1.03411,2.21804,24.0034,-0.498725,-0.704894,-0.243092
1.67941,-0.657871,-0.996606,2.09506,24.026,-0.474993,-0.758589,-0.263528
1.71581,-0.627804,-0.954438,1.67528,24.0508,-0.135405,-0.93901,-0.139536
1.7508,-0.596351,-0.908071,1.71961,24.076,-0.20927,-0.940351,-0.122399
1.77652,-0.571092,-0.869975,1.70783,24.1019,-0.190885,-0.945743,-0.171438
1.80722,-0.536929,-0.820014,1.70158,24.1279,-0.199254,-0.965103,-0.158129
1.83681,-0.501469,-0.763746,1.69232,24.1545,-0.208695,-0.980103,-0.139129
1.85759,-0.473224,-0.719887,1.56282,24.1832,0,-0.386951,0
1.88274,-0.434551,-0.662864,1.55753,24.2132,0,-0.403578,0
1.90016,-0.404714,-0.624085,1.51485,24.2432,0,-0.420604,0
1.9226,-0.36371,-0.585036,1.54745,24.2732,0.0443758,-0.982325,-0.443986
1.94491,-0.322365,-0.551155,1.54109,24.2904,0.0608807,-1,-0.394486
1.96155,-0.290357,-0.52706,1.57516,24.3084,0.0083126,-1,-0.405841
1.98121,-0.247899,-0.488499,1.59728,24.3272,-0.0202158,-1,-0.374869
1.99958,-0.203774,-0.433472,1.61644,24.3466,-0.0491129,-1,-0.325709
2.01008,-0.170219,-0.390673,1.62233,24.3665,-0.0570647,-1,-0.357466
2.0224,-0.125263,-0.33629,1.61344,24.3868,-0.0449497,-1,-0.329539
2.02935,-0.0915379,-0.296903,1.57177,24.4064,0.0225311,-1,-0.377672
2.03628,-0.0463575,-0.239813,1.63964,24.4261,-0.0869806,-1,-0.358526
2.04053,-0.00114584,-0.183614,1.58464,24.4458,0.00496766,-1,-0.334123
2.04204,0.04392,-0.126162,1.5537,24.465,0.069082,-1,-0.300474
2.04139,0.0778859,-0.0848044,1.55229,24.4849,0.0893691,-1,-0.052602
2.03978,0.123393,-0.0299377,1.53511,24.5118,0.107404,-1,-0.181302
2.03574,0.15732,-6.27,1.52099,24.5351,0.113724,-1,-0.287659
2.02793,0.201598,-6.21336,1.61848,24.5574,-0.0426288,-1,-0.276309
2.01795,0.246133,-6.15625,1.56777,24.5788,0.0374371,-1,-0.218325
2.00878,0.278919,-6.1155,1.58241,24.6016,0.0106638,-1,-0.277157
1.99507,0.321885,-6.05865,1.59322,24.6246,-0.00417564,-1,-0.243022
1.97788,0.363703,-6.0027,1.56219,24.647,0.0429368,-1,-0.189703
1.96421,0.394416,-5.96104,1.55033,24.6708,0.0543403,-1,-0.23509
1.9438,0.4346,-5.90361,1.44039,24.695,0.223765,-1,-0.172513
1.92139,0.473871,-5.84928,1.43134,24.7193,0.240479,-1,-0.130334
1.90246,0.502665,-5.8095,1.42156,24.7447,0.234868,-1,-0.182531
1.87549,0.539087,-5.75042,1.46968,24.7689,0.174291,-1,-0.136311
1.85466,0.565768,-5.70969,1.46882,24.7944,0.162992,-1,-0.18035
1.82414,0.600471,-5.64394,1.51161,24.8203,0.112701,-0.983908,-0.132689
1.79159,0.632067,-5.58887,1.51247,24.8457,0.118616,-0.952972,-0.085774
1.76704,0.65558,-5.55429,1.52076,24.8724,0.0943316,-0.931208,-0.150381
1.7313,0.684261,-5.49789,1.50334,24.8993,0.129516,-0.89141,-0.108318
1.69454,0.711222,-5.43812,1.52895,24.9257,0.100655,-0.847049,-0.0603453
1.66699,0.731516,-5.3979,1.52342,24.9533,0.103951,-0.810627,-0.121964
1.62746,0.754577,-5.34478,1.51851,24.981,0.124849,-0.755741,-0.090214
1.58778,0.776509,-5.29443,1.48177,25.0081,0.214217,-0.655883,-0.0306665
1.55717,0.792206,-5.25584,1.45417,25.0362,0.260881,-0.586711,-0.095743
1.51476,0.810867,-5.20595,1.44802,25.064,0.291804,-0.441266,-0.0487976
1.47254,0.828153,-5.16275,1.45472,25.0916,0.275628,-0.304886,-0.0199069
1.43905,0.839774,-5.12871,1.41055,25.1203,0.314197,-0.214106,-0.0731504
1.40589,0.850689,-5.10083,1.43349,25.1481,0.284749,-0.218499,-0.169019
1.34946,0.867573,-5.05973,1.58696,25.1764,0,-0.203612,0
1.33828,0.870987,-5.05451,1.59943,25.2064,0,-0.192708,0
1.26875,0.890644,-5.01857,1.86886,25.2319,-0.385836,-0.0658966,-0.206134
1.23411,0.900115,-5.00274,1.85131,25.2554,-0.376801,-0.0873136,-0.225703
1.18758,0.912367,-4.99063,1.89107,25.279,-0.433111,-0.124744,-0.199436
1.15271,0.921453,-4.98265,1.88572,25.3028,-0.424883,-0.195458,-0.22158
1.10604,0.933214,-4.97146,1.80777,25.327,-0.411923,-0.299067,-0.208903
1.05937,0.94447,-4.96105,1.78907,25.3512,-0.41084,-0.379714,-0.167907
1.0115,0.955057,-4.94442,1.57593,25.376,0,-0.138577,0
0.977411,0.962626,-4.93516,1.56428,25.406,0,-0.130331,0
0.929878,0.970717,-4.91089,1.55451,25.436,0,-0.122485,0
0.893468,0.976671,-4.90193,1.55083,25.466,0,-0.115039,0
0.845384,0.984132,-4.88535,1.65906,25.496,0,-0.107992,0
0.796217,0.991025,-4.8733,1.65455,25.526,0,-0.101345,0
0.759539,0.996573,-4.86743,1.66001,25.556,0,-0.0950973,0
0.708992,1.00248,-4.85247,1.71694,25.586,-0.243944,-0.415587,-0.263039
0.660774,1.00965,-4.84608,1.71986,25.6083,-0.260539,-0.464296,-0.198046
0.621819,1.0133,-4.83639,1.73604,25.6323,-0.282798,-0.446055,-0.193633
0.572256,1.01806,-4.82254,1.74343,25.6577,-0.324009,-0.440016,-0.147741
0.522183,1.02099,-4.79256,1.60423,25.6862,0,-0.0726165,0
0.484486,1.02199,-4.76754,1.62639,25.7162,0,-0.0685028,0
0.435205,1.02193,-4.74155,1.623,25.7462,0,-0.0647887,0
0.385001,1.02152,-4.72898,1.5895,25.7762,0,-0.0614743,0
0.347082,1.02133,-4.72239,1.59276,25.8062,0,-0.0585595,0
0.296437,1.02132,-4.71364,1.59341,25.8362,0,-0.0560443,0
0.258411,1.0212,-4.70771,1.60281,25.8662,0,-0.0539287,0
0.207413,1.02099,-4.70158,1.60329,25.8962,0,-0.0522128,0
0.155803,1.02008,-4.69676,1.62481,25.9262,0,-0.0508965,0
0.117628,1.01959,-4.6918,1.62987,25.9562,0,-0.0499798,0
0.065581,1.01805,-4.68759,1.63424,25.9862,0,-0.0494628,0
0.0139863,1.01657,-4.68143,1.64416,26.0162,0,-0.0493454,0
-0.0249453,1.0153,-4.67973,1.64491,26.0462,0,-0.0496276,0
-0.077047,1.01342,-4.67416,1.64464,26.0762,0,-0.0503094,0
-0.115746,1.01218,-4.67033,1.64345,26.1062,0,-0.0513909,0
-0.168071,1.00996,-4.66437,1.65749,26.1362,0,-0.052872,0
-0.220294,1.00715,-4.66031,1.67488,26.1662,0,-0.0547527,0
-0.259532,1.00483,-4.65615,1.6601,26.1962,0,-0.057033,0
-0.311847,1.00166,-4.65054,1.65893,26.2262,0,-0.059713,0
-0.351138,0.999057,-4.64683,1.67655,26.2562,0,-0.0627926,0
-0.402709,0.995747,-4.64194,1.69885,26.2862,0,-0.0662719,0
-0.455879,0.991289,-4.63498,1.67346,26.3162,0,-0.0701507,0
-0.508328,0.987033,-4.62931,1.72441,26.3462,0,-0.0744292,0
-0.54769,0.983602,-4.62587,1.7236,26.3762,0,-0.0791074,0
-0.600285,0.978738,-4.62129,1.71663,26.4062,0,-0.0841851,0
-0.652719,0.973625,-4.61654,1.75532,26.4316,-0.383202,-0.423173,-0.141358
-0.692132,0.969833,-4.6124,1.70645,26.4602,0,-0.0943337,0
-0.744606,0.964454,-4.6035,1.71499,26.4902,0,-0.100531,0
-0.796769,0.957784,-4.59217,1.68419,26.5202,0,-0.107127,0
-0.835868,0.952766,-4.58549,1.68799,26.5502,0,-0.114123,0
-0.888124,0.945459,-4.57814,1.67566,26.5802,0,-0.121519,0
-0.927235,0.939855,-4.57264,1.68205,26.6102,0,-0.129314,0
-0.979473,0.931923,-4.56473,1.69381,26.6402,0,-0.137509,0
-1.03147,0.923726,-4.55576,1.67053,26.6702,0,-0.146104,0
-1.07038,0.917317,-4.54951,1.67787,26.6986,-0.107891,-0.69243,-0.159121
-1.12239,0.908364,-4.5418,1.68611,26.7246,-0.107367,-0.721257,-0.12976
-1.17392,0.89893,-4.53169,1.69128,26.7506,-0.104972,-0.747096,-0.105919
-1.21228,0.890453,-4.50837,1.68644,26.7772,-0.101495,-0.753092,-0.125759
-1.26201,0.875949,-4.4659,1.67643,26.8037,-0.105827,-0.76996,-0.0989416
-1.31017,0.858386,-4.41585,1.6805,26.8305,-0.134997,-0.777044,-0.0616896
-1.34479,0.843801,-4.37778,1.67095,26.8599,0,-0.209706,0
-1.39007,0.821444,-4.32759,1.64988,26.8899,0,-0.221227,0
-1.42267,0.803646,-4.29878,1.64703,26.9199,0,-0.233148,0
-1.46679,0.779465,-4.26774,1.67288,26.9499,0,-0.245469,0
-1.50998,0.75558,-4.23863,1.63297,26.9799,0,-0.258189,0
-1.54294,0.736758,-4.22016,1.62814,27.0099,0,-0.271309,0
-1.58723,0.709992,-4.20199,1.64771,27.0399,0,-0.284828,0
-1.63005,0.68286,-4.17829,1.64992,27.0643,-0.0905122,-0.878275,-0.235278
-1.6618,0.661892,-4.16179,1.67355,27.0871,-0.107538,-0.88989,-0.248785
-1.68277,0.64763,-4.15078,1.65096,27.1095,-0.0739187,-0.892152,-0.298623
-1.74196,0.602326,-4.07806,2.12658,27.1311,-0.495802,-0.786409,-0.256267
-1.76773,0.578303,-4.0364,2.11069,27.1533,-0.511751,-0.786023,-0.268778
-1.80273,0.542716,-3.99124,2.08724,27.1757,-0.555206,-0.82088,-0.23967
-1.82766,0.515102,-3.94787,2.06475,27.1984,-0.567526,-0.829788,-0.249663
-1.85769,0.477763,-3.8965,2.06245,27.2218,-0.631633,-0.833241,-0.217956
-1.8852,0.439448,-3.84991,2.04433,27.2456,-0.663613,-0.861726,-0.191823
-1.90469,0.409978,-3.81071,1.79104,27.2694,-0.368184,-1,-0.0709629
-1.92848,0.37018,-3.75912,1.52967,27.3002,0.118511,-1,-0.0632732
-1.94939,0.329715,-3.70993,1.49916,27.3266,0.18286,-1,-0.0857589
-1.96334,0.299693,-3.66316,1.50742,27.3525,0.151773,-1,-0.218185
-1.98018,0.257138,-3.60851,1.52902,27.3771,0.112589,-1,-0.228686
-1.99472,0.213592,-3.55337,1.52933,27.3994,0.122155,-1,-0.19388
-2.00432,0.180671,-3.51087,1.51188,27.4224,0.145751,-1,-0.294689
-2.01459,0.136093,-3.45444,1.50154,27.4449,0.176609,-1,-0.283022
-2.02264,0.0904818,-3.40014,1.52728,27.4654,0.131458,-1,-0.251876
-2.02591,0.0563723,-3.35317,1.51993,27.4867,0.137756,-1,-0.343781
-2.02924,0.0102596,-3.29978,1.47118,27.5068,0.260457,-1,-0.301313
-2.02961,-0.0241987,-3.25635,1.47849,27.5267,0.223447,-1,-0.401245
-2.02796,-0.0701576,-3.19834,1.47063,27.5465,0.329207,-1,0.0919125
-2.02356,-0.11578,-3.13951,1.4611,27.5759,0.294796,-1,-0.136936
-2.01869,-0.149935,-3.09749,1.51561,27.5987,0.139256,-1,-0.279447
-2.00972,-0.195575,-3.04081,1.50729,27.622,0.154058,-1,-0.250626
-1.9983,-0.239988,-2.98087,1.52655,27.6451,0.118535,-1,-0.209663
-1.98802,-0.273004,-2.93779,1.53139,27.6681,0.0960089,-1,-0.270438
-1.97156,-0.316425,-2.87773,1.53948,27.6908,0.08749,-1,-0.202246
-1.95321,-0.359026,-2.8197,1.54199,27.7142,0.0873288,-1,-0.13659
-1.93752,-0.389996,-2.77483,1.51879,27.7392,0.119553,-1,-0.194855
-1.91497,-0.430348,-2.71751,1.60903,27.7636,-0.040092,-1,-0.162978
-1.88976,-0.469195,-2.65932,1.5989,27.7883,-0.0231439,-1,-0.095583
-1.86968,-0.497052,-2.61536,1.60502,27.8146,-0.0341527,-1,-0.163251
-1.84132,-0.532892,-2.56042,1.60346,27.8404,-0.0327115,-1,-0.117737
-1.81892,-0.558365,-2.51607,1.58727,27.8664,-0.00561332,-1,-0.161387
-1.78747,-0.591014,-2.46132,1.58061,27.8948,0,-0.355983,0
-1.75381,-0.621129,-2.39981,1.5063,27.9227,0.159232,-0.913741,-0.071289
-1.72775,-0.643053,-2.36193,1.48906,27.9499,0.178522,-0.879409,-0.139091
-1.69161,-0.671296,-2.32211,1.47886,27.977,0.195822,-0.862678,-0.11754
-1.65464,-0.698431,-2.27264,1.47982,28.003,0.212151,-0.823198,-0.057629
-1.62598,-0.717529,-2.2347,1.48625,28.0306,0,-0.289171,0
-1.58622,-0.741171,-2.1838,1.48898,28.0606,0,-0.275526,0
-1.54538,-0.762859,-2.13634,1.51964,28.0906,0,-0.26228,0
-1.51381,-0.778491,-2.11084,1.5117,28.1206,0,-0.249434,0
-1.47164,-0.799568,-2.08273,1.53028,28.1506,0,-0.236987,0
-1.42852,-0.8201,-2.05606,1.55092,28.1806,0,-0.22494,0
-1.39613,-0.835244,-2.03925,1.56063,28.2106,0,-0.213293,0
-1.35213,-0.854483,-2.01546,1.53692,28.2406,0,-0.202046,0
-1.31874,-0.868667,-1.99941,1.55671,28.2706,0,-0.191198,0
-1.27387,-0.886979,-1.97975,1.56501,28.3006,0,-0.180749,0
-1.22842,-0.904473,-1.96206,1.54042,28.3276,0.0375113,-0.668682,-0.273074
-1.19383,-0.917052,-1.94578,1.54804,28.3495,0.0284235,-0.665139,-0.263057
-1.14727,-0.933723,-1.93072,1.55326,28.3746,0.0236415,-0.677704,-0.225832
-1.10028,-0.949141,-1.90121,1.55277,28.3979,0,-0.149636,0
-1.06487,-0.958619,-1.87103,1.54964,28.4279,0,-0.140882,0
-1.01683,-0.968615,-1.82906,1.555,28.4579,0,-0.132528,0
-0.980753,-0.975205,-1.80733,1.5558,28.4879,0,-0.124574,0
-0.932351,-0.984447,-1.78845,1.55496,28.5179,0,-0.117019,0
-0.883762,-0.993311,-1.77093,1.56894,28.5479,0,-0.109864,0
-0.834598,-1.00171,-1.75759,1.58185,28.5779,0,-0.103108,0
-0.797808,-1.00787,-1.7489,1.57155,28.6079,0,-0.0967523,0
-0.748307,-1.01561,-1.7374,1.62828,28.6379,0,-0.0907961,0
-0.711353,-1.02121,-1.72939,1.63339,28.6679,-0.0732763,-0.476428,-0.311013
-0.66148,-1.02805,-1.7181,1.62817,28.6948,0,-0.0805985,0
-0.611909,-1.03473,-1.70862,1.64142,28.7217,0,-0.0762646,0
-0.574522,-1.0394,-1.70055,1.64501,28.7489,0,-0.0722251,0
-0.524884,-1.04492,-1.68749,1.64432,28.7789,0,-0.0681478,0
-0.474841,-1.04936,-1.67427,1.63623,28.806,0,-0.0648144,0
-0.437283,-1.05293,-1.66991,1.62221,28.836,0,-0.061497,0
-0.387482,-1.05729,-1.66745,1.60653,28.866,0,-0.0585793,0
-0.349391,-1.06033,-1.66038,1.62254,28.896,-0.0581885,-0.476366,-0.284256
-0.298769,-1.06425,-1.6537,1.63022,28.9231,0,-0.0541263,0
-0.248499,-1.06843,-1.64992,1.62029,28.9531,0,-0.0523696,0
-0.210495,-1.07111,-1.64542,1.62542,28.9806,-0.0576756,-0.497114,-0.253678
-0.159566,-1.07447,-1.63766,1.70858,29.0054,-0.135585,-0.485876,-0.217101
-0.108814,-1.0774,-1.62981,1.76164,29.029,-0.185183,-0.486079,-0.178985
-0.0705955,-1.07869,-1.61785,1.78324,29.0535,-0.208628,-0.464366,-0.185785
-0.0199876,-1.07963,-1.59705,1.8024,29.0785,-0.258294,-0.442437,-0.167489
0.0301584,-1.07797,-1.56566,1.78676,29.1032,-0.328351,-0.37999,-0.1527
0.0669638,-1.07579,-1.54285,1.77935,29.1283,-0.367673,-0.267007,-0.184056
0.116296,-1.07094,-1.51143,1.80154,29.1534,-0.433697,0.00155909,-0.125982
0.15286,-1.06645,-1.49051,1.7437,29.1795,-0.330004,0.162794,-0.129284
0.201758,-1.05973,-1.466,1.68361,29.2082,0,-0.0535796,0
0.250577,-1.05274,-1.46225,1.63576,29.2382,0,-0.0556209,0
0.287421,-1.04863,-1.46437,1.63431,29.2682,0,-0.0580618,0
0.337032,-1.04296,-1.46254,1.61223,29.2982,0,-0.0609024,0
0.386169,-1.03738,-1.45986,1.61267,29.3282,0,-0.0641426,0
0.423764,-1.03286,-1.45659,1.60291,29.3582,0,-0.0677824,0
0.473745,-1.02688,-1.45133,1.59577,29.3882,0,-0.0718218,0
0.523291,-1.02063,-1.4503,1.61159,29.4182,0,-0.0762609,0
0.560981,-1.01566,-1.44751,1.61843,29.4482,0,-0.0810996,0
0.611912,-1.00878,-1.44312,1.6583,29.4782,0,-0.0863379,0
0.649325,-1.004,-1.44377,1.65127,29.5082,0,-0.0919758,0
0.699611,-0.99696,-1.43921,1.67557,29.5382,0,-0.0980134,0
0.749921,-0.990036,-1.43501,1.68791,29.5682,0,-0.104451,0
0.788335,-0.984416,-1.43487,1.69024,29.5982,0,-0.111287,0
0.838162,-0.977329,-1.4295,1.70298,29.6282,-0.175647,-0.51238,-0.269222
0.888624,-0.969447,-1.42342,1.68337,29.6555,0,-0.125458,0
0.92698,-0.963412,-1.41679,1.70145,29.683,-0.150528,-0.569479,-0.250385
0.977138,-0.954672,-1.40334,1.70571,29.706,-0.159882,-0.607406,-0.208592
1.02782,-0.944563,-1.38762,1.75252,29.7297,-0.212402,-0.620305,-0.167537
1.0653,-0.935712,-1.3621,1.76536,29.7545,-0.239071,-0.601835,-0.184087
1.11388,-0.921985,-1.3225,1.75039,29.7794,-0.285674,-0.592329,-0.153517
1.16124,-0.905623,-1.28103,1.72428,29.8046,-0.347957,-0.557671,-0.0926697
1.19627,-0.892019,-1.25042,1.75741,29.8305,-0.431822,-0.43346,-0.133329
1.23058,-0.877393,-1.22044,1.71029,29.8591,0,-0.187591,0
1.27533,-0.856364,-1.18202,1.8411,29.8866,-0.497559,-0.110259,-0.137995
1.31968,-0.834203,-1.14932,2.01923,29.9136,-0.525762,0.00391074,-0.0990177
1.36349,-0.81166,-1.129,2.02765,29.9398,-0.559914,-0.0209727,-0.0807927
1.39642,-0.79468,-1.12096,2.03043,29.9669,-0.573108,-0.166299,-0.140184
1.4302,-0.777913,-1.11732,2.00403,29.9926,-0.543923,-0.348707,-0.188111
1.48467,-0.750914,-1.11422,2.23733,30.0159,-0.661561,-0.449513,-0.218054
1.51669,-0.734989,-1.10928,2.10207,30.0392,-0.567476,-0.621906,-0.246209
1.55964,-0.712097,-1.09135,1.92497,30.0632,-0.417832,-0.732976,-0.122984
1.60097,-0.687395,-1.0596,1.92067,30.0892,-0.421269,-0.763033,-0.107183
1.63092,-0.667731,-1.0332,1.87369,30.1156,-0.360773,-0.804575,-0.146923
1.66891,-0.63964,-0.989186,1.8813,30.1414,-0.398892,-0.810661,-0.127522
1.69609,-0.61665,-0.954348,1.65905,30.1672,0,-0.316621,0
1.73033,-0.585111,-0.906707,1.59614,30.1972,0,-0.331437,0
1.76333,-0.551319,-0.859103,1.63775,30.2272,0,-0.346652,0
1.78824,-0.524849,-0.8206,1.55119,30.2572,0,-0.362267,0
1.81908,-0.489359,-0.789096,1.54507,30.2872,0,-0.378282,0
1.84378,-0.462503,-0.766821,1.55151,30.3135,0.0342892,-1,-0.369886
1.87452,-0.425311,-0.734392,1.6195,30.3333,-0.0491708,-1,-0.3321
1.90481,-0.387102,-0.701728,1.62296,30.3536,-0.0500992,-1,-0.30062
1.9321,-0.346955,-0.649805,1.66355,30.3744,-0.104114,-1,-0.256969
1.95043,-0.316164,-0.613662,1.66699,30.3964,-0.102901,-1,-0.292429
1.97207,-0.274325,-0.557208,1.64152,30.418,-0.0772389,-1,-0.258993
1.9864,-0.242512,-0.509537,1.64169,30.4398,-0.0777228,-1,-0.294015
2.00293,-0.199604,-0.454924,1.581,30.4619,0.00957321,-1,-0.274442
2.01831,-0.155172,-0.400116,1.56797,30.484,0.0331426,-1,-0.255914
2.02807,-0.121192,-0.35162,1.53054,30.5055,0.0930393,-1,-0.306908
2.03651,-0.0767132,-0.303906,1.51035,30.5271,0.126986,-1,-0.322191
2.04419,-0.0313314,-0.246847,1.51411,30.5468,0.130627,-1,-0.291078
2.04791,0.00327751,-0.201214,1.51085,30.5672,0.128052,-1,-0.366478
2.05042,0.0495512,-0.145094,1.5208,30.5866,0.117993,-1,-0.352273
2.05038,0.0959048,-0.0879668,1.50937,30.6053,0.185583,-1,0.0513428
2.04856,0.130279,-0.0441436,1.5155,30.6331,0.13038,-1,-0.227557
2.0454,0.1646,-0.0031718,1.46215,30.6554,0.197396,-1,-0.299295
2.03853,0.21042,-6.22702,1.50315,30.6776,0.132477,-1,-0.268834
2.02924,0.255482,-6.16941,1.5596,30.7,0.0476537,-1,-0.241454
2.01643,0.300091,-6.11134,1.55856,30.7223,0.050782,-1,-0.194909
2.00649,0.333384,-6.07425,1.53232,30.7458,0.0786617,-1,-0.252498
1.99028,0.376771,-6.0155,1.58407,30.7686,0.0117341,-1,-0.212276
1.97103,0.418825,-5.95231,1.60089,30.7919,-0.00982444,-1,-0.158316
1.95574,0.449766,-5.91387,1.60595,30.8164,-0.0163263,-1,-0.209181
1.9337,0.489339,-5.85477,1.56377,30.8406,0.0373696,-1,-0.163129
1.90868,0.527705,-5.80937,1.52097,30.8653,0.0926492,-1,-0.138221
1.89627,0.54671,-5.77077,1.74277,30.8889,-0.152142,-0.998601,-0.229546
1.86038,0.591634,-5.70493,1.93859,30.9131,-0.328712,-0.921246,-0.162116
1.83755,0.617229,-5.66262,1.90168,30.9381,-0.292494,-0.905667,-0.179469
1.80659,0.64984,-5.60902,1.90362,30.9635,-0.305776,-0.881081,-0.158035
1.77256,0.680256,-5.55219,1.92878,30.9886,-0.348774,-0.839497,-0.128984
1.74708,0.702419,-5.51369,1.88827,31.0144,-0.305114,-0.826022,-0.154785
1.71134,0.729022,-5.45823,1.94488,31.0398,-0.373793,-0.759659,-0.135061
1.67602,0.755159,-5.40696,1.49434,31.0657,0.150657,-0.806976,-0.000799354
1.64728,0.772805,-5.37268,1.48054,31.0947,0.159635,-0.78937,-0.0855539
1.60935,0.795276,-5.32088,1.48351,31.1222,0.166305,-0.734282,-0.068468
1.57021,0.816326,-5.27464,1.48941,31.1495,0.166489,-0.685117,-0.0536001
1.53945,0.830581,-5.24089,1.4771,31.1771,0.180122,-0.652481,-0.121102
1.49802,0.848487,-5.1894,1.45402,31.2037,0.241331,-0.522835,-0.0700854
1.4661,0.860379,-5.15139,1.43846,31.2309,0.263685,-0.433221,-0.121554
1.4227,0.874986,-5.1078,1.47237,31.2584,0.211464,-0.313864,-0.11327
1.37831,0.887658,-5.07017,1.46788,31.2846,0.214277,-0.179856,-0.0700444
1.34522,0.89721,-5.04045,1.47412,31.3113,0.218751,-0.139658,-0.149251
1.29979,0.908683,-5.01231,1.48064,31.3381,0.227978,-0.081426,-0.14324
1.25377,0.919907,-4.99059,1.49378,31.365,0,-0.179268,0
1.21872,0.928121,-4.97902,1.50669,31.395,0,-0.169277,0
1.18396,0.936817,-4.97062,1.52014,31.425,0,-0.159686,0
1.16045,0.942161,-4.96418,1.97285,31.4516,-0.315663,-0.177012,-0.283531
1.08911,0.958032,-4.9453,2.60811,31.474,-0.526183,-0.105692,-0.224917
1.04157,0.967954,-4.93311,2.61366,31.4974,-0.548762,-0.116511,-0.214915
0.993471,0.977299,-4.92024,2.65727,31.5209,-0.573083,-0.11901,-0.200513
0.958942,0.984355,-4.91353,2.62426,31.5449,-0.557475,-0.148684,-0.206494
0.9115,0.992788,-4.9001,2.64937,31.5687,-0.579299,-0.14718,-0.19375
0.876329,0.998732,-4.89369,2.64592,31.5929,-0.563656,-0.168827,-0.196918
0.82971,1.00612,-4.88121,1.96588,31.6175,-0.452529,-0.312033,-0.145192
0.783173,1.01323,-4.87142,1.56052,31.6461,0,-0.101331,0
0.747556,1.0179,-4.86397,1.58622,31.6761,0,-0.0950841,0
0.700134,1.02375,-4.85098,1.56387,31.7061,0,-0.0892371,0
0.65147,1.02926,-4.83308,1.5753,31.7361,0,-0.0837897,0
0.614593,1.03288,-4.82874,1.5777,31.7661,0,-0.078742,0
0.566004,1.03748,-4.81969,1.63117,31.7961,0,-0.0740939,0
0.529816,1.04078,-4.81101,1.62506,31.8261,0,-0.0698454,0
0.47934,1.04462,-4.80644,1.63944,31.8561,0,-0.0659966,0
0.430149,1.049,-4.79916,1.63115,31.8861,0,-0.0625474,0
0.39191,1.0518,-4.7971,1.63143,31.9161,0,-0.0594978,0
0.342107,1.05602,-4.78967,1.64416,31.9461,0,-0.0568478,0
0.291244,1.05957,-4.78634,1.66018,31.9761,0,-0.0545975,0
0.253388,1.06212,-4.78235,1.63098,32.0061,0,-0.0527468,0
0.202559,1.06547,-4.77641,1.63781,32.0361,0,-0.0512957,0
0.15242,1.06875,-4.76828,1.64395,32.0661,0,-0.0502443,0
0.113781,1.07056,-4.76361,1.63614,32.0961,0,-0.0495925,0
0.0622783,1.07325,-4.76002,1.66156,32.1215,-0.102768,-0.507838,-0.204511
0.0230976,1.07508,-4.75767,1.68438,32.1455,-0.12183,-0.507152,-0.194752
-0.0285019,1.07724,-4.74467,1.69172,32.1705,-0.139872,-0.517606,-0.161294
-0.0796076,1.0765,-4.71447,1.66971,32.1972,0,-0.0503404,0
-0.117708,1.07438,-4.68805,1.68322,32.2272,0,-0.0514358,0
-0.168018,1.0698,-4.65738,1.68185,32.2572,0,-0.0529308,0
-0.21887,1.06414,-4.64156,1.65214,32.2872,0,-0.0548255,0
-0.257028,1.06051,-4.63523,1.66364,32.3172,0,-0.0571198,0
-0.308518,1.05533,-4.62616,1.66247,32.3472,0,-0.0598137,0
-0.359936,1.05088,-4.62134,1.65021,32.3772,0,-0.0629072,0
-0.398338,1.04705,-4.61596,1.65513,32.4072,0,-0.0664004,0
-0.4503,1.04136,-4.60688,1.66967,32.4372,0,-0.0702932,0
-0.48875,1.0372,-4.60254,1.66535,32.4672,0,-0.0745856,0
-0.540726,1.03093,-4.59767,1.67605,32.4972,0,-0.0792777,0
-0.592288,1.02465,-4.59067,1.67887,32.5272,0,-0.0843694,0
-0.63112,1.01978,-4.58768,1.6723,32.5572,0,-0.0898607,0
-0.68326,1.01321,-4.5824,1.68423,32.5872,0,-0.0957516,0
-0.735495,1.00623,-4.57709,1.70441,32.6143,0,-0.1014,0
-0.774235,1.00078,-4.57277,1.70711,32.6443,-0.204986,-0.46662,-0.264525
-0.825899,0.993099,-4.56246,1.74599,32.6694,-0.256592,-0.488162,-0.215962
-0.877506,0.984288,-4.54703,1.73023,32.693,-0.264558,-0.53396,-0.156027
-0.915924,0.976541,-4.52926,1.7297,32.7182,-0.273169,-0.521538,-0.171397
-0.953949,0.967389,-4.50425,1.70366,32.7445,0,-0.133166,0
-1.01563,0.949526,-4.45919,1.82706,32.7717,-0.508695,-0.183403,-0.0767083
-1.05239,0.937503,-4.43932,1.81359,32.7991,-0.487728,-0.155738,-0.113204
-1.10088,0.921314,-4.41634,1.83371,32.8262,-0.513281,-0.0927198,-0.0643218
-1.13652,0.908722,-4.39903,1.80536,32.8539,-0.48737,-0.129077,-0.117062
-1.18434,0.891493,-4.38481,1.82293,32.8817,-0.522647,-0.202071,-0.0954836
-1.23162,0.87399,-4.37197,1.82789,32.9082,-0.543313,-0.304248,-0.0619294
-1.26629,0.861043,-4.36192,1.79471,32.9356,-0.464664,-0.454618,-0.133444
-1.31367,0.841762,-4.35436,1.65166,32.9635,0,-0.203572,0
-1.3591,0.822419,-4.33314,1.64058,32.9935,0,-0.214874,0
-1.39277,0.806601,-4.31344,1.6539,33.0235,0,-0.226577,0
-1.43776,0.784596,-4.29444,1.63364,33.0535,0,-0.238679,0
-1.48238,0.761977,-4.27482,1.62393,33.0835,0,-0.25118,0
-1.51562,0.744712,-4.26209,1.64099,33.1135,0,-0.264081,0
-1.55993,0.721012,-4.24119,1.68295,33.1406,-0.123766,-0.83092,-0.248175
-1.59281,0.702637,-4.22773,1.68266,33.1631,-0.11259,-0.852324,-0.255059
-1.63399,0.678592,-4.19555,1.6692,33.1861,-0.100803,-0.88842,-0.233228
-1.67725,0.649293,-4.15592,1.67293,33.2091,-0.111119,-0.926199,-0.188875
-1.70577,0.626993,-4.11479,1.65499,33.2332,-0.09512,-0.935316,-0.208919
-1.74071,0.596239,-4.06333,1.66005,33.258,-0.113396,-0.954786,-0.186321
-1.77488,0.56162,-4.00865,1.63203,33.2825,0,-0.344219,0
-1.80076,0.533932,-3.96634,1.57473,33.3125,0,-0.359771,0
-1.83102,0.496636,-3.90784,1.57731,33.3425,0,-0.375722,0
-1.85236,0.467831,-3.86758,1.55238,33.3725,0,-0.392073,0
-1.87983,0.428578,-3.83013,1.57006,33.4025,0,-0.408824,0
-1.9008,0.398131,-3.80637,1.54236,33.4249,0.048192,-1,-0.40633
-1.92772,0.357216,-3.77509,1.57367,33.4436,0.010223,-1,-0.365899
-1.95308,0.315938,-3.7357,1.62734,33.463,-0.0565672,-1,-0.328667
-1.97521,0.273528,-3.67787,1.60848,33.483,-0.0340197,-1,-0.273558
-1.98915,0.240576,-3.63339,1.59306,33.5044,-0.0111706,-1,-0.307058
-2.00527,0.19648,-3.57638,1.70769,33.5262,-0.176875,-1,-0.288598
-2.01572,0.162935,-3.53315,1.70921,33.5471,-0.172733,-1,-0.330637
-2.0281,0.117767,-3.48045,1.93588,33.5681,-0.403309,-1,-0.309435
-2.03666,0.072283,-3.42307,1.89951,33.589,-0.397833,-1,-0.300773
-2.0423,0.0269705,-3.36409,1.86108,33.6094,-0.389493,-1,-0.287339
-2.04553,-0.00751828,-3.32545,1.97899,33.6286,-0.474053,-1,-0.432291
-2.04723,-0.0529325,-3.26593,1.86053,33.646,-0.406585,-1,-0.295838
-2.04637,-0.0866222,-3.22467,1.85989,33.6661,-0.436856,-1,-0.122814
-2.04348,-0.131408,-3.16781,1.64631,33.6917,-0.0954662,-1,-0.15223
-2.03752,-0.175533,-3.11353,1.61338,33.7157,-0.035079,-1,-0.178281
-2.03163,-0.208365,-3.07102,1.59602,33.7393,-0.00716423,-1,-0.271905
-2.02194,-0.251368,-3.01408,1.57314,33.7624,0.0269372,-1,-0.251959
-2.00967,-0.293969,-2.95878,1.44686,33.7848,0.231796,-1,-0.19267
-1.99898,-0.325494,-2.91683,1.44206,33.8083,0.216329,-1,-0.255132
-1.98248,-0.367113,-2.86074,1.55864,33.8303,0.0450734,-1,-0.225398
-1.96844,-0.397884,-2.81682,1.53759,33.8533,0.0698358,-1,-0.250689
-1.94805,-0.437997,-2.75989,1.55328,33.877,0.0501111,-1,-0.213107
-1.92507,-0.476864,-2.70188,1.56833,33.9011,0.0308052,-1,-0.173069
-1.90634,-0.505091,-2.6576,1.58655,33.9256,0.00330602,-1,-0.208142
-1.87945,-0.541729,-2.60165,1.59185,33.9505,-0.00354219,-1,-0.171499
-1.85103,-0.577057,-2.54526,1.60613,33.975,-0.0237183,-1,-0.127353
-1.82793,-0.602317,-2.50401,1.5236,34.0004,0.0921798,-0.982945,-0.146139
-1.79558,-0.633998,-2.44434,1.51048,34.0272,0.118853,-0.942662,-0.106248
-1.76164,-0.663908,-2.3869,1.5233,34.0535,0.106809,-0.904389,-0.0640033
-1.74371,-0.6784,-2.35954,1.73922,34.0787,-0.191717,-0.834719,-0.214234
-1.69736,-0.711852,-2.28736,1.83617,34.1038,-0.367547,-0.735946,-0.120134
-1.66862,-0.730572,-2.24561,1.84792,34.1298,-0.377557,-0.677017,-0.155363
-1.62989,-0.753635,-2.192,1.84816,34.1563,-0.425546,-0.589876,-0.125551
-1.58974,-0.774796,-2.14186,1.88381,34.1821,-0.499458,-0.444904,-0.0894059
-1.55924,-0.789543,-2.1083,1.89415,34.2088,-0.480325,-0.40025,-0.143954
-1.51797,-0.808029,-2.06621,1.89276,34.2356,-0.493817,-0.302361,-0.121989
-1.48641,-0.821091,-2.03876,1.5491,34.263,0,-0.240122,0
-1.44435,-0.83777,-2.00729,1.56617,34.293,0,-0.227974,0
-1.40116,-0.853915,-1.98182,1.54889,34.323,0,-0.216225,0
-1.36911,-0.866314,-1.96425,1.56242,34.353,0,-0.204875,0
-1.32492,-0.882028,-1.93872,1.50035,34.383,0,-0.193925,0
-1.28019,-0.897086,-1.91931,1.51106,34.413,0,-0.183375,0
-1.24622,-0.907823,-1.90429,1.52126,34.443,0,-0.173224,0
-1.20065,-0.921409,-1.88775,1.53186,34.473,0,-0.163473,0
-1.15419,-0.93471,-1.86968,1.53603,34.503,0,-0.154122,0
-1.11907,-0.944337,-1.85696,1.53825,34.533,0,-0.14517,0
-1.07187,-0.956393,-1.84204,1.53496,34.563,0.044003,-0.526881,-0.353481
-1.02452,-0.968179,-1.82705,1.57491,34.5859,0,-0.130345,0
-0.988859,-0.976703,-1.81648,1.58547,34.6159,-0.0184943,-0.52146,-0.334751
-0.940928,-0.987578,-1.80311,1.59248,34.6393,0,-0.116669,0
-0.905043,-0.995319,-1.79372,1.58852,34.6662,-0.0208424,-0.533755,-0.30885
-0.85685,-1.00469,-1.77421,1.59144,34.6931,0,-0.104161,0
-0.808305,-1.01272,-1.75486,1.61351,34.7231,0,-0.0977416,0
-0.771714,-1.01811,-1.74145,1.62441,34.7469,0,-0.0929184,0
-0.722918,-1.0252,-1.73064,1.61084,34.7769,0,-0.0872163,0
-0.674071,-1.03149,-1.71035,1.62038,34.8069,0,-0.0819138,0
-0.636981,-1.03585,-1.70233,1.61261,34.8369,0,-0.0770109,0
-0.587577,-1.04133,-1.69059,1.61606,34.8636,0,-0.0729865,0
-0.538193,-1.04649,-1.68145,1.60748,34.8936,0,-0.0688387,0
-0.501123,-1.0499,-1.67024,1.59969,34.9236,0,-0.0650905,0
-0.451364,-1.054,-1.66188,1.62876,34.9502,0,-0.0621073,0
-0.413681,-1.05703,-1.6576,1.61637,34.9771,0,-0.0594046,0
-0.36396,-1.06071,-1.64832,1.61788,35.0071,0,-0.0567677,0
-0.313441,-1.06334,-1.6366,1.63475,35.0339,0,-0.0547483,0
-0.275918,-1.06568,-1.63231,1.63736,35.0639,-0.0803331,-0.428266,-0.312103
-0.225628,-1.06823,-1.62648,1.65288,35.0908,-0.0985953,-0.441796,-0.287539
-0.175281,-1.07072,-1.62211,1.69502,35.1151,-0.144815,-0.454148,-0.245297
-0.137562,-1.07188,-1.61216,1.67605,35.1377,-0.131954,-0.456173,-0.248737
-0.0870496,-1.07326,-1.60427,1.68653,35.1611,-0.154348,-0.47745,-0.205017
-0.0366342,-1.07333,-1.58331,1.67533,35.1848,0,-0.0493428,0
0.000767038,-1.07205,-1.5608,1.67638,35.2148,0,-0.0494736,0
0.0503747,-1.06819,-1.52953,1.68447,35.2448,0,-0.0500041,0
0.0879836,-1.06428,-1.50894,1.70623,35.2748,0,-0.0509341,0
0.137904,-1.05907,-1.49519,1.67021,35.3025,0,-0.0521453,0
0.188146,-1.05398,-1.487,1.74148,35.3325,-0.291192,0.146642,-0.217449
0.225764,-1.0501,-1.48144,1.74042,35.356,-0.290232,0.154035,-0.214723
0.276008,-1.04498,-1.47666,2.29035,35.3792,-0.549192,0.117332,-0.20601
0.325931,-1.04083,-1.48528,2.30043,35.4029,-0.599489,0.0483214,-0.191281
0.363285,-1.03802,-1.49257,2.29266,35.4271,-0.602963,-0.0313822,-0.1995
0.41315,-1.03529,-1.49948,2.23016,35.4513,-0.636496,-0.13002,-0.182858
0.450093,-1.0335,-1.50396,2.25802,35.4757,-0.613774,-0.196941,-0.184623
0.499027,-1.0311,-1.50746,2.15365,35.5016,-0.521554,-0.267157,-0.0786086
0.547761,-1.02798,-1.50399,2.13436,35.5294,-0.515308,-0.311447,-0.0647788
0.58398,-1.02531,-1.49763,1.58878,35.5588,0,-0.0795274,0
0.608208,-1.02317,-1.49038,1.5152,35.5888,0,-0.0846395,0
0.667501,-1.01604,-1.47322,1.83145,35.6169,-0.359299,-0.461121,-0.112254
0.715515,-1.00975,-1.46499,2.09803,35.6438,-0.471841,-0.345725,-0.110957
0.739597,-1.00644,-1.45925,2.10631,35.6706,-0.426211,-0.34313,-0.1577
0.751575,-1.00491,-1.45765,2.05675,35.6952,-0.351436,-0.353814,-0.211108
0.751575,-1.00491,-1.45765,1.87214,35.718,-0.22771,-0.389459,-0.291446
0.892975,-0.979129,-1.38994,1.88414,35.7433,-0.523227,-0.348279,0.00467299
0.927659,-0.971247,-1.37297,1.66419,35.7726,0,-0.124682,0
0.97346,-0.959215,-1.34593,1.45326,35.8026,0,-0.132642,0
1.01962,-0.945862,-1.32308,1.38675,35.8353,0.40125,-0.233807,0.103588
1.05405,-0.935406,-1.30718,1.35071,35.8671,0.446571,-0.260787,-0.00857538
1.10064,-0.920825,-1.29212,1.48292,35.8965,0,-0.160169,0
1.14785,-0.905704,-1.2755,1.63372,35.9265,0,-0.169781,0
1.18254,-0.89397,-1.25881,1.60961,35.9565,0,-0.179792,0
1.22947,-0.877126,-1.24104,1.59277,35.9865,0,-0.190203,0
1.27544,-0.859733,-1.22629,1.69462,36.0165,0,-0.201013,0
1.31027,-0.846352,-1.21461,1.73948,36.0435,-0.235355,-0.593955,-0.293534
1.34579,-0.832029,-1.2027,1.75725,36.0654,-0.240732,-0.622628,-0.281704
1.39185,-0.812912,-1.18873,1.98134,36.0881,-0.389878,-0.560356,-0.224047
1.43745,-0.791169,-1.15243,1.98898,36.112,-0.439886,-0.556622,-0.197899
1.48095,-0.767428,-1.11357,1.96413,36.136,-0.486564,-0.556477,-0.165021
1.51337,-0.748436,-1.08333,1.99074,36.1608,-0.502683,-0.531715,-0.180658
1.55388,-0.722137,-1.04793,1.87976,36.1857,-0.484828,-0.616792,-0.148091
1.5839,-0.701284,-1.02158,1.83982,36.2108,-0.434581,-0.670349,-0.180021
1.62347,-0.67162,-0.979159,1.61741,36.2366,0,-0.292534,0
1.66005,-0.6408,-0.94083,1.62622,36.2666,0,-0.306676,0
1.68727,-0.616141,-0.908804,1.6206,36.2966,0,-0.321217,0
1.72294,-0.582408,-0.877468,1.60357,36.3266,0,-0.336158,0
1.7581,-0.549011,-0.849334,1.59544,36.3566,0,-0.351498,0
1.78465,-0.522529,-0.825897,1.57199,36.3866,0,-0.367239,0
1.81896,-0.48734,-0.800842,1.56947,36.413,0.0101167,-0.989303,-0.359275
1.85267,-0.450713,-0.774668,1.58914,36.4323,-0.0114671,-1,-0.313042
1.87762,-0.422558,-0.749661,1.61245,36.4528,-0.0368312,-1,-0.324162
1.90778,-0.383045,-0.700371,1.61582,36.4736,-0.0413173,-1,-0.279823
1.92827,-0.352839,-0.657076,1.63527,36.495,-0.0652766,-1,-0.29646
1.9531,-0.310516,-0.601596,1.62245,36.5172,-0.0516913,-1,-0.258746
1.97508,-0.26788,-0.543561,1.62717,36.5399,-0.0612185,-1,-0.223905
1.98884,-0.235449,-0.497375,1.6211,36.5625,-0.0516683,-1,-0.273784
2.00583,-0.190921,-0.438432,1.62754,36.5854,-0.0635925,-1,-0.253332
2.01985,-0.146001,-0.389665,1.60007,36.608,-0.018816,-1,-0.254273
2.02814,-0.112611,-0.341762,1.5505,36.6299,0.059754,-1,-0.316219
2.03758,-0.0668655,-0.287696,1.67632,36.6507,-0.133065,-1,-0.313154
2.04259,-0.0324863,-0.242182,1.66279,36.6708,-0.110063,-1,-0.366606
2.04747,0.013262,-0.185392,1.67204,36.6905,-0.128424,-1,-0.354336
2.04911,0.0591484,-0.127928,1.67426,36.7092,-0.141038,-1,-0.327628
2.04823,0.104581,-0.0750125,1.65265,36.7313,-0.110545,-1,-0.0499339
2.04592,0.138386,-0.0308877,1.63259,36.7575,-0.0617792,-1,-0.241402
